x-axis,1,2
second,Volt,Volt
-47.0000E-06,,
-46.9000E-06,,
-46.8000E-06,-126.5024915E-03,-10.1130717E-03
-46.7000E-06,-46.1004823E-03,-10.1130717E-03
-46.6000E-06,-80.5584863E-03,-20.1633228E-03
-46.5000E-06,-57.5864837E-03,-18.7275726E-03
-46.4000E-06,+11.3295242E-03,-10.1130717E-03
-46.3000E-06,-46.1004823E-03,-12.9845720E-03
-46.2000E-06,-115.0164902E-03,-10.1130717E-03
-46.1000E-06,-156.4771E-06,-15.8560723E-03
-46.0000E-06,-46.1004823E-03,-10.1130717E-03
-45.9000E-06,-126.5024915E-03,-20.1633228E-03
-45.8000E-06,+22.8155255E-03,-10.1130717E-03
-45.7000E-06,-46.1004823E-03,-14.4203221E-03
-45.6000E-06,-103.5304889E-03,-12.9845720E-03
-45.5000E-06,-46.1004823E-03,-10.1130717E-03
-45.4000E-06,-46.1004823E-03,-10.1130717E-03
-45.3000E-06,-46.1004823E-03,-20.1633228E-03
-45.2000E-06,-46.1004823E-03,-10.1130717E-03
-45.1000E-06,-126.5024915E-03,-10.1130717E-03
-45.0000E-06,-46.1004823E-03,-12.9845720E-03
-44.9000E-06,-46.1004823E-03,-12.9845720E-03
-44.8000E-06,-46.1004823E-03,-11.5488218E-03
-44.7000E-06,-92.0444876E-03,-10.1130717E-03
-44.6000E-06,-46.1004823E-03,-10.1130717E-03
-44.5000E-06,-92.0444876E-03,-20.1633228E-03
-44.4000E-06,-126.5024915E-03,-20.1633228E-03
-44.3000E-06,-46.1004823E-03,-7.2415713E-03
-44.2000E-06,-126.5024915E-03,-10.1130717E-03
-44.1000E-06,-46.1004823E-03,-8.6773215E-03
-44.0000E-06,-46.1004823E-03,-10.1130717E-03
-43.9000E-06,-46.1004823E-03,-10.1130717E-03
-43.8000E-06,-92.0444876E-03,-10.1130717E-03
-43.7000E-06,-46.1004823E-03,-20.1633228E-03
-43.6000E-06,-46.1004823E-03,-17.2918225E-03
-43.5000E-06,-69.0724850E-03,-10.1130717E-03
-43.4000E-06,-46.1004823E-03,-20.1633228E-03
-43.3000E-06,-46.1004823E-03,-10.1130717E-03
-43.2000E-06,-46.1004823E-03,-10.1130717E-03
-43.1000E-06,-156.4771E-06,-15.8560723E-03
-43.0000E-06,-46.1004823E-03,-10.1130717E-03
-42.9000E-06,-46.1004823E-03,-17.2918225E-03
-42.8000E-06,-69.0724850E-03,-10.1130717E-03
-42.7000E-06,-57.5864837E-03,-10.1130717E-03
-42.6000E-06,-46.1004823E-03,-15.8560723E-03
-42.5000E-06,-46.1004823E-03,-10.1130717E-03
-42.4000E-06,-46.1004823E-03,-10.1130717E-03
-42.3000E-06,-46.1004823E-03,-10.1130717E-03
-42.2000E-06,-46.1004823E-03,-17.2918225E-03
-42.1000E-06,-46.1004823E-03,-10.1130717E-03
-42.0000E-06,-46.1004823E-03,-8.6773215E-03
-41.9000E-06,-46.1004823E-03,-10.1130717E-03
-41.8000E-06,-46.1004823E-03,-10.1130717E-03
-41.7000E-06,-156.4771E-06,-4.3700710E-03
-41.6000E-06,-46.1004823E-03,-10.1130717E-03
-41.5000E-06,-46.1004823E-03,-10.1130717E-03
-41.4000E-06,-46.1004823E-03,-7.2415713E-03
-41.3000E-06,-46.1004823E-03,-8.6773215E-03
-41.2000E-06,-156.4771E-06,-10.1130717E-03
-41.1000E-06,-46.1004823E-03,-10.1130717E-03
-41.0000E-06,-46.1004823E-03,-10.1130717E-03
-40.9000E-06,-46.1004823E-03,-30.2135739E-03
-40.8000E-06,-69.0724850E-03,-12.9845720E-03
-40.7000E-06,-103.5304889E-03,-10.1130717E-03
-40.6000E-06,-34.6144810E-03,-11.5488218E-03
-40.5000E-06,-92.0444876E-03,-10.1130717E-03
-40.4000E-06,-46.1004823E-03,-10.1130717E-03
-40.3000E-06,-11.6424784E-03,-8.6773215E-03
-40.2000E-06,-46.1004823E-03,-10.1130717E-03
-40.1000E-06,-23.1284797E-03,-10.1130717E-03
-40.0000E-06,-126.5024915E-03,-10.1130717E-03
-39.9000E-06,-46.1004823E-03,-10.1130717E-03
-39.8000E-06,-46.1004823E-03,-15.8560723E-03
-39.7000E-06,-46.1004823E-03,-10.1130717E-03
-39.6000E-06,-92.0444876E-03,-10.1130717E-03
-39.5000E-06,+34.3015268E-03,-10.1130717E-03
-39.4000E-06,-103.5304889E-03,-10.1130717E-03
-39.3000E-06,-23.1284797E-03,-12.9845720E-03
-39.2000E-06,-57.5864837E-03,-10.1130717E-03
-39.1000E-06,-57.5864836E-03,-10.1130717E-03
-39.0000E-06,-46.1004823E-03,-20.1633228E-03
-38.9000E-06,-80.5584863E-03,-15.8560723E-03
-38.8000E-06,-46.1004823E-03,-10.1130717E-03
-38.7000E-06,-46.1004823E-03,-10.1130717E-03
-38.6000E-06,+11.3295242E-03,-17.2918225E-03
-38.5000E-06,-46.1004823E-03,-10.1130717E-03
-38.4000E-06,-46.1004823E-03,-5.8058212E-03
-38.3000E-06,-126.5024915E-03,-62.8205E-06
-38.2000E-06,-80.5584863E-03,-10.1130717E-03
-38.1000E-06,-57.5864837E-03,-10.1130717E-03
-38.0000E-06,-46.1004823E-03,-17.2918225E-03
-37.9000E-06,-126.5024915E-03,-10.1130717E-03
-37.8000E-06,-46.1004823E-03,-10.1130717E-03
-37.7000E-06,-92.0444876E-03,-10.1130717E-03
-37.6000E-06,-46.1004823E-03,-62.8205E-06
-37.5000E-06,-92.0444876E-03,-10.1130717E-03
-37.4000E-06,+22.8155255E-03,-8.6773215E-03
-37.3000E-06,-126.5024915E-03,-10.1130717E-03
-37.2000E-06,+34.3015268E-03,-17.2918225E-03
-37.1000E-06,-46.1004823E-03,-10.1130717E-03
-37.0000E-06,-80.5584863E-03,-10.1130717E-03
-36.9000E-06,-46.1004823E-03,-10.1130716E-03
-36.8000E-06,-46.1004823E-03,-15.8560723E-03
-36.7000E-06,-46.1004823E-03,-10.1130717E-03
-36.6000E-06,-103.5304889E-03,-10.1130717E-03
-36.5000E-06,-103.5304889E-03,-10.1130717E-03
-36.4000E-06,-46.1004823E-03,-11.5488218E-03
-36.3000E-06,-11.6424784E-03,-4.3700710E-03
-36.2000E-06,-126.5024915E-03,-10.1130716E-03
-36.1000E-06,-46.1004823E-03,-10.1130717E-03
-36.0000E-06,-115.0164902E-03,-18.7275726E-03
-35.9000E-06,-69.0724850E-03,-10.1130717E-03
-35.8000E-06,-46.1004823E-03,-10.1130717E-03
-35.7000E-06,-46.1004823E-03,-10.1130717E-03
-35.6000E-06,-160.9604955E-03,-10.1130717E-03
-35.5000E-06,-46.1004823E-03,-10.1130717E-03
-35.4000E-06,-46.1004823E-03,-10.1130717E-03
-35.3000E-06,-57.5864837E-03,-11.5488218E-03
-35.2000E-06,-46.1004823E-03,-17.2918225E-03
-35.1000E-06,-103.5304889E-03,-10.1130717E-03
-35.0000E-06,-115.0164902E-03,-8.6773215E-03
-34.9000E-06,-46.1004823E-03,-15.8560723E-03
-34.8000E-06,-46.1004823E-03,-10.1130717E-03
-34.7000E-06,-11.6424784E-03,-15.8560723E-03
-34.6000E-06,-103.5304889E-03,-10.1130717E-03
-34.5000E-06,-69.0724850E-03,-10.1130717E-03
-34.4000E-06,-103.5304889E-03,-10.1130717E-03
-34.3000E-06,+34.3015268E-03,-10.1130717E-03
-34.2000E-06,-80.5584863E-03,-15.8560723E-03
-34.1000E-06,-46.1004823E-03,-10.1130717E-03
-34.0000E-06,-11.6424784E-03,-10.1130717E-03
-33.9000E-06,-46.1004823E-03,-11.5488218E-03
-33.8000E-06,-46.1004823E-03,-10.1130717E-03
-33.7000E-06,-46.1004823E-03,-10.1130717E-03
-33.6000E-06,-46.1004823E-03,-10.1130717E-03
-33.5000E-06,-46.1004823E-03,-10.1130717E-03
-33.4000E-06,-126.5024915E-03,-10.1130717E-03
-33.3000E-06,-92.0444876E-03,-5.8058212E-03
-33.2000E-06,-46.1004823E-03,-18.7275726E-03
-33.1000E-06,-69.0724850E-03,-10.1130717E-03
-33.0000E-06,-103.5304889E-03,-10.1130717E-03
-32.9000E-06,-46.1004823E-03,-10.1130717E-03
-32.8000E-06,-156.4771E-06,-10.1130717E-03
-32.7000E-06,-46.1004823E-03,-20.1633228E-03
-32.6000E-06,-46.1004823E-03,-14.4203221E-03
-32.5000E-06,-57.5864837E-03,-20.1633228E-03
-32.4000E-06,-126.5024915E-03,-12.9845720E-03
-32.3000E-06,-69.0724850E-03,-10.1130717E-03
-32.2000E-06,-126.5024915E-03,-18.7275726E-03
-32.1000E-06,-126.5024915E-03,-10.1130717E-03
-32.0000E-06,-46.1004823E-03,-10.1130717E-03
-31.9000E-06,-46.1004823E-03,-14.4203221E-03
-31.8000E-06,-46.1004823E-03,-20.1633228E-03
-31.7000E-06,-46.1004823E-03,-10.1130717E-03
-31.6000E-06,-11.6424784E-03,-10.1130717E-03
-31.5000E-06,-57.5864836E-03,-18.7275726E-03
-31.4000E-06,-11.6424784E-03,-20.1633228E-03
-31.3000E-06,-46.1004823E-03,-10.1130717E-03
-31.2000E-06,-46.1004823E-03,-10.1130717E-03
-31.1000E-06,-126.5024915E-03,-10.1130717E-03
-31.0000E-06,-46.1004823E-03,-2.9343208E-03
-30.9000E-06,-69.0724850E-03,-10.1130717E-03
-30.8000E-06,-115.0164902E-03,-10.1130717E-03
-30.7000E-06,-126.5024915E-03,-20.1633228E-03
-30.6000E-06,-46.1004823E-03,-10.1130717E-03
-30.5000E-06,-46.1004823E-03,-10.1130717E-03
-30.4000E-06,-46.1004823E-03,-20.1633228E-03
-30.3000E-06,-103.5304889E-03,-10.1130717E-03
-30.2000E-06,-103.5304889E-03,-12.9845720E-03
-30.1000E-06,-126.5024915E-03,-10.1130717E-03
-30.0000E-06,-92.0444876E-03,-10.1130717E-03
-29.9000E-06,-46.1004823E-03,-10.1130717E-03
-29.8000E-06,-92.0444876E-03,-20.1633228E-03
-29.7000E-06,-46.1004823E-03,-10.1130717E-03
-29.6000E-06,-46.1004823E-03,-17.2918225E-03
-29.5000E-06,-46.1004823E-03,-2.9343208E-03
-29.4000E-06,-115.0164902E-03,-20.1633228E-03
-29.3000E-06,-11.6424784E-03,-10.1130717E-03
-29.2000E-06,-46.1004823E-03,-10.1130717E-03
-29.1000E-06,-46.1004823E-03,-20.1633228E-03
-29.0000E-06,-46.1004823E-03,-10.1130717E-03
-28.9000E-06,+11.3295242E-03,-17.2918225E-03
-28.8000E-06,-126.5024915E-03,-10.1130717E-03
-28.7000E-06,-46.1004823E-03,-17.2918225E-03
-28.6000E-06,-92.0444876E-03,-10.1130717E-03
-28.5000E-06,-46.1004823E-03,-10.1130717E-03
-28.4000E-06,+34.3015268E-03,-10.1130717E-03
-28.3000E-06,-46.1004823E-03,-18.7275726E-03
-28.2000E-06,-46.1004823E-03,-10.1130717E-03
-28.1000E-06,-103.5304889E-03,-10.1130717E-03
-28.0000E-06,+22.8155255E-03,-8.6773215E-03
-27.9000E-06,-46.1004823E-03,-10.1130717E-03
-27.8000E-06,+34.3015268E-03,-10.1130717E-03
-27.7000E-06,-46.1004823E-03,-10.1130717E-03
-27.6000E-06,-46.1004823E-03,-10.1130717E-03
-27.5000E-06,-46.1004823E-03,-10.1130717E-03
-27.4000E-06,-23.1284797E-03,-14.4203221E-03
-27.3000E-06,+34.3015268E-03,-10.1130717E-03
-27.2000E-06,-46.1004823E-03,-10.1130717E-03
-27.1000E-06,-46.1004823E-03,-10.1130717E-03
-27.0000E-06,-46.1004823E-03,-10.1130717E-03
-26.9000E-06,-115.0164902E-03,-18.7275726E-03
-26.8000E-06,-46.1004823E-03,-17.2918225E-03
-26.7000E-06,-46.1004823E-03,-17.2918225E-03
-26.6000E-06,-57.5864836E-03,-20.1633228E-03
-26.5000E-06,-92.0444876E-03,-15.8560723E-03
-26.4000E-06,-126.5024915E-03,-62.8205E-06
-26.3000E-06,-92.0444876E-03,-62.8205E-06
-26.2000E-06,-46.1004823E-03,-20.1633228E-03
-26.1000E-06,+11.3295242E-03,-10.1130717E-03
-26.0000E-06,-46.1004823E-03,-17.2918225E-03
-25.9000E-06,-46.1004823E-03,-20.1633228E-03
-25.8000E-06,-46.1004823E-03,-10.1130717E-03
-25.7000E-06,-46.1004823E-03,-10.1130717E-03
-25.6000E-06,-126.5024915E-03,-15.8560723E-03
-25.5000E-06,-126.5024915E-03,-10.1130717E-03
-25.4000E-06,-103.5304889E-03,-62.8205E-06
-25.3000E-06,-23.1284797E-03,-10.1130717E-03
-25.2000E-06,-46.1004823E-03,-10.1130717E-03
-25.1000E-06,-46.1004823E-03,-5.8058212E-03
-25.0000E-06,-126.5024915E-03,-20.1633228E-03
-24.9000E-06,-92.0444876E-03,-10.1130717E-03
-24.8000E-06,-46.1004823E-03,-10.1130717E-03
-24.7000E-06,-103.5304889E-03,-20.1633228E-03
-24.6000E-06,+11.3295242E-03,-17.2918225E-03
-24.5000E-06,-46.1004823E-03,-10.1130717E-03
-24.4000E-06,-92.0444876E-03,-15.8560723E-03
-24.3000E-06,-46.1004823E-03,-20.1633228E-03
-24.2000E-06,-46.1004823E-03,-10.1130717E-03
-24.1000E-06,-115.0164902E-03,-20.1633228E-03
-24.0000E-06,-46.1004823E-03,-10.1130717E-03
-23.9000E-06,-103.5304889E-03,-7.2415713E-03
-23.8000E-06,-46.1004823E-03,-11.5488218E-03
-23.7000E-06,-80.5584863E-03,-15.8560723E-03
-23.6000E-06,-46.1004823E-03,-62.8205E-06
-23.5000E-06,-126.5024915E-03,-10.1130717E-03
-23.4000E-06,-46.1004823E-03,-18.7275726E-03
-23.3000E-06,-46.1004823E-03,-10.1130717E-03
-23.2000E-06,-46.1004823E-03,-10.1130717E-03
-23.1000E-06,-46.1004823E-03,-10.1130717E-03
-23.0000E-06,-156.4771E-06,-10.1130717E-03
-22.9000E-06,-46.1004823E-03,-10.1130717E-03
-22.8000E-06,-46.1004823E-03,-10.1130717E-03
-22.7000E-06,-34.6144810E-03,-18.7275726E-03
-22.6000E-06,-103.5304889E-03,-12.9845720E-03
-22.5000E-06,-46.1004823E-03,-20.1633228E-03
-22.4000E-06,-46.1004823E-03,-20.1633228E-03
-22.3000E-06,-46.1004823E-03,-10.1130717E-03
-22.2000E-06,-46.1004823E-03,-10.1130717E-03
-22.1000E-06,-46.1004823E-03,-4.3700710E-03
-22.0000E-06,-46.1004823E-03,-10.1130717E-03
-21.9000E-06,-46.1004823E-03,-10.1130717E-03
-21.8000E-06,-46.1004823E-03,-10.1130717E-03
-21.7000E-06,-46.1004823E-03,-10.1130717E-03
-21.6000E-06,-46.1004823E-03,-10.1130717E-03
-21.5000E-06,+34.3015268E-03,-10.1130717E-03
-21.4000E-06,-80.5584863E-03,-14.4203221E-03
-21.3000E-06,-57.5864837E-03,-18.7275726E-03
-21.2000E-06,-46.1004823E-03,-10.1130717E-03
-21.1000E-06,-103.5304889E-03,-10.1130717E-03
-21.0000E-06,-115.0164902E-03,-20.1633228E-03
-20.9000E-06,-115.0164902E-03,-10.1130717E-03
-20.8000E-06,-46.1004823E-03,-10.1130717E-03
-20.7000E-06,-46.1004823E-03,-10.1130717E-03
-20.6000E-06,-46.1004823E-03,-10.1130717E-03
-20.5000E-06,-46.1004823E-03,-10.1130717E-03
-20.4000E-06,-103.5304889E-03,-17.2918225E-03
-20.3000E-06,-115.0164902E-03,-18.7275726E-03
-20.2000E-06,-46.1004823E-03,-14.4203221E-03
-20.1000E-06,-46.1004823E-03,-62.8205E-06
-20.0000E-06,-46.1004823E-03,-15.8560723E-03
-19.9000E-06,-46.1004823E-03,-10.1130717E-03
-19.8000E-06,-126.5024915E-03,-10.1130717E-03
-19.7000E-06,-69.0724850E-03,-17.2918225E-03
-19.6000E-06,+22.8155255E-03,-10.1130717E-03
-19.5000E-06,-156.4771E-06,-15.8560723E-03
-19.4000E-06,-46.1004824E-03,-10.1130716E-03
-19.3000E-06,-46.1004823E-03,-14.4203221E-03
-19.2000E-06,-46.1004823E-03,-11.5488218E-03
-19.1000E-06,-23.1284797E-03,-10.1130717E-03
-19.0000E-06,-126.5024915E-03,-20.1633228E-03
-18.9000E-06,-46.1004823E-03,-11.5488218E-03
-18.8000E-06,-156.4771E-06,-15.8560723E-03
-18.7000E-06,-46.1004823E-03,-10.1130717E-03
-18.6000E-06,-46.1004823E-03,-10.1130717E-03
-18.5000E-06,-46.1004823E-03,-11.5488218E-03
-18.4000E-06,-103.5304889E-03,-10.1130717E-03
-18.3000E-06,+11.3295242E-03,-10.1130717E-03
-18.2000E-06,-115.0164902E-03,-8.6773215E-03
-18.1000E-06,-46.1004823E-03,-4.3700710E-03
-18.0000E-06,-126.5024915E-03,-10.1130717E-03
-17.9000E-06,-80.5584863E-03,-10.1130717E-03
-17.8000E-06,-46.1004823E-03,-10.1130717E-03
-17.7000E-06,-46.1004823E-03,-10.1130717E-03
-17.6000E-06,-103.5304889E-03,-2.9343208E-03
-17.5000E-06,-115.0164902E-03,-10.1130717E-03
-17.4000E-06,-46.1004823E-03,-15.8560723E-03
-17.3000E-06,-126.5024915E-03,-10.1130717E-03
-17.2000E-06,-46.1004823E-03,-5.8058212E-03
-17.1000E-06,-46.1004823E-03,-10.1130717E-03
-17.0000E-06,-126.5024915E-03,-2.9343208E-03
-16.9000E-06,-183.9324981E-03,-10.1130717E-03
-16.8000E-06,-46.1004823E-03,-18.7275726E-03
-16.7000E-06,-126.5024915E-03,-10.1130717E-03
-16.6000E-06,-46.1004823E-03,-10.1130717E-03
-16.5000E-06,-126.5024915E-03,-15.8560723E-03
-16.4000E-06,+22.8155255E-03,-11.5488218E-03
-16.3000E-06,-69.0724850E-03,-10.1130717E-03
-16.2000E-06,-46.1004823E-03,-10.1130717E-03
-16.1000E-06,-46.1004823E-03,-10.1130717E-03
-16.0000E-06,-80.5584863E-03,-10.1130717E-03
-15.9000E-06,-46.1004823E-03,-10.1130716E-03
-15.8000E-06,-80.5584863E-03,-8.6773215E-03
-15.7000E-06,-126.5024915E-03,-10.1130717E-03
-15.6000E-06,-103.5304889E-03,-10.1130717E-03
-15.5000E-06,-69.0724850E-03,-10.1130717E-03
-15.4000E-06,-115.0164902E-03,-20.1633228E-03
-15.3000E-06,-46.1004823E-03,-20.1633228E-03
-15.2000E-06,-126.5024915E-03,-10.1130716E-03
-15.1000E-06,-80.5584863E-03,-14.4203221E-03
-15.0000E-06,-115.0164902E-03,-10.1130717E-03
-14.9000E-06,-69.0724850E-03,-12.9845720E-03
-14.8000E-06,-103.5304889E-03,-12.9845720E-03
-14.7000E-06,-46.1004823E-03,-11.5488218E-03
-14.6000E-06,-156.4771E-06,-10.1130717E-03
-14.5000E-06,-46.1004823E-03,-10.1130717E-03
-14.4000E-06,-126.5024915E-03,-15.8560723E-03
-14.3000E-06,-46.1004823E-03,-10.1130717E-03
-14.2000E-06,-46.1004823E-03,-12.9845720E-03
-14.1000E-06,-103.5304889E-03,-10.1130717E-03
-14.0000E-06,-46.1004823E-03,-10.1130717E-03
-13.9000E-06,-46.1004823E-03,-10.1130717E-03
-13.8000E-06,-126.5024915E-03,-10.1130717E-03
-13.7000E-06,-126.5024915E-03,-10.1130717E-03
-13.6000E-06,-46.1004823E-03,-11.5488218E-03
-13.5000E-06,-46.1004823E-03,-10.1130717E-03
-13.4000E-06,-23.1284797E-03,-10.1130717E-03
-13.3000E-06,-46.1004823E-03,-10.1130717E-03
-13.2000E-06,-11.6424784E-03,-10.1130717E-03
-13.1000E-06,-46.1004823E-03,-62.8205E-06
-13.0000E-06,-46.1004823E-03,-10.1130717E-03
-12.9000E-06,-46.1004823E-03,-10.1130717E-03
-12.8000E-06,-46.1004823E-03,-62.8205E-06
-12.7000E-06,-46.1004823E-03,-17.2918225E-03
-12.6000E-06,-115.0164902E-03,-20.1633228E-03
-12.5000E-06,-92.0444876E-03,-5.8058212E-03
-12.4000E-06,-46.1004823E-03,-20.1633228E-03
-12.3000E-06,-80.5584863E-03,-5.8058212E-03
-12.2000E-06,-46.1004823E-03,-10.1130717E-03
-12.1000E-06,-69.0724850E-03,-10.1130717E-03
-12.0000E-06,-103.5304889E-03,-10.1130717E-03
-11.9000E-06,-46.1004823E-03,-10.1130717E-03
-11.8000E-06,-126.5024915E-03,-15.8560723E-03
-11.7000E-06,-46.1004823E-03,-10.1130717E-03
-11.6000E-06,-46.1004823E-03,-14.4203221E-03
-11.5000E-06,-115.0164902E-03,-18.7275726E-03
-11.4000E-06,-103.5304889E-03,-12.9845720E-03
-11.3000E-06,-46.1004823E-03,-7.2415713E-03
-11.2000E-06,-46.1004823E-03,-1.4985707E-03
-11.1000E-06,-46.1004823E-03,-15.8560723E-03
-11.0000E-06,-46.1004823E-03,-10.1130717E-03
-10.9000E-06,-80.5584863E-03,-10.1130717E-03
-10.8000E-06,-115.0164902E-03,-10.1130717E-03
-10.7000E-06,-69.0724850E-03,-12.9845720E-03
-10.6000E-06,-69.0724850E-03,-10.1130717E-03
-10.5000E-06,-126.5024915E-03,-11.5488218E-03
-10.4000E-06,-126.5024915E-03,-10.1130717E-03
-10.3000E-06,-46.1004823E-03,-10.1130717E-03
-10.2000E-06,-92.0444876E-03,-10.1130717E-03
-10.1000E-06,-57.5864837E-03,-8.6773215E-03
-10.0000E-06,-46.1004823E-03,-10.1130717E-03
-9.9000E-06,-69.0724850E-03,-62.8205E-06
-9.8000E-06,-46.1004823E-03,-2.9343208E-03
-9.7000E-06,-126.5024915E-03,-10.1130717E-03
-9.6000E-06,-126.5024915E-03,-20.1633228E-03
-9.5000E-06,-46.1004823E-03,-15.8560723E-03
-9.4000E-06,-46.1004823E-03,-10.1130717E-03
-9.3000E-06,-69.0724850E-03,-10.1130717E-03
-9.2000E-06,-69.0724850E-03,-12.9845720E-03
-9.1000E-06,-46.1004823E-03,-10.1130717E-03
-9.0000E-06,-46.1004823E-03,-10.1130717E-03
-8.9000E-06,-126.5024915E-03,-20.1633228E-03
-8.8000E-06,-46.1004823E-03,-10.1130717E-03
-8.7000E-06,-46.1004823E-03,-20.1633228E-03
-8.6000E-06,-69.0724850E-03,-10.1130717E-03
-8.5000E-06,-46.1004823E-03,-2.9343208E-03
-8.4000E-06,+11.3295242E-03,-11.5488218E-03
-8.3000E-06,-80.5584863E-03,-10.1130717E-03
-8.2000E-06,-126.5024915E-03,-20.1633228E-03
-8.1000E-06,+34.3015268E-03,-15.8560723E-03
-8.0000E-06,-46.1004823E-03,-10.1130717E-03
-7.9000E-06,-103.5304889E-03,-17.2918225E-03
-7.8000E-06,-46.1004823E-03,-10.1130717E-03
-7.7000E-06,-126.5024915E-03,-11.5488218E-03
-7.6000E-06,-46.1004823E-03,-10.1130717E-03
-7.5000E-06,-46.1004823E-03,-10.1130717E-03
-7.4000E-06,-46.1004823E-03,-10.1130717E-03
-7.3000E-06,-57.5864837E-03,-18.7275726E-03
-7.2000E-06,-46.1004823E-03,-17.2918225E-03
-7.1000E-06,-46.1004823E-03,-10.1130717E-03
-7.0000E-06,-57.5864837E-03,-10.1130717E-03
-6.9000E-06,-46.1004823E-03,-10.1130717E-03
-6.8000E-06,-46.1004823E-03,-62.8205E-06
-6.7000E-06,-92.0444876E-03,-10.1130717E-03
-6.6000E-06,-126.5024915E-03,-10.1130717E-03
-6.5000E-06,-69.0724850E-03,-10.1130717E-03
-6.4000E-06,-46.1004823E-03,-20.1633228E-03
-6.3000E-06,-57.5864837E-03,-10.1130717E-03
-6.2000E-06,-80.5584863E-03,-14.4203221E-03
-6.1000E-06,-46.1004823E-03,-10.1130717E-03
-6.0000E-06,-46.1004823E-03,-10.1130717E-03
-5.9000E-06,-46.1004823E-03,-20.1633228E-03
-5.8000E-06,-46.1004823E-03,-17.2918225E-03
-5.7000E-06,-46.1004823E-03,-10.1130717E-03
-5.6000E-06,-57.5864837E-03,-10.1130717E-03
-5.5000E-06,-11.6424784E-03,-10.1130717E-03
-5.4000E-06,-46.1004824E-03,-10.1130716E-03
-5.3000E-06,-46.1004823E-03,-10.1130717E-03
-5.2000E-06,-115.0164902E-03,-11.5488218E-03
-5.1000E-06,-46.1004823E-03,-12.9845720E-03
-5.0000E-06,-46.1004823E-03,-10.1130717E-03
-4.9000E-06,-46.1004823E-03,-20.1633228E-03
-4.8000E-06,-92.0444876E-03,-20.1633228E-03
-4.7000E-06,-46.1004824E-03,-10.1130717E-03
-4.6000E-06,-46.1004823E-03,-20.1633228E-03
-4.5000E-06,+34.3015268E-03,-10.1130717E-03
-4.4000E-06,+34.3015268E-03,-10.1130717E-03
-4.3000E-06,-46.1004823E-03,-17.2918225E-03
-4.2000E-06,-126.5024915E-03,-10.1130717E-03
-4.1000E-06,-46.1004823E-03,-10.1130717E-03
-4.0000E-06,-46.1004823E-03,-10.1130717E-03
-3.9000E-06,-92.0444876E-03,-14.4203221E-03
-3.8000E-06,-57.5864837E-03,-20.1633228E-03
-3.7000E-06,-103.5304889E-03,-10.1130717E-03
-3.6000E-06,-23.1284797E-03,-10.1130717E-03
-3.5000E-06,-46.1004823E-03,-11.5488218E-03
-3.4000E-06,+34.3015268E-03,-10.1130717E-03
-3.3000E-06,-126.5024915E-03,-20.1633228E-03
-3.2000E-06,-46.1004823E-03,-10.1130717E-03
-3.1000E-06,-46.1004823E-03,-20.1633228E-03
-3.0000E-06,-126.5024915E-03,-17.2918225E-03
-2.9000E-06,-103.5304889E-03,-10.1130717E-03
-2.8000E-06,-46.1004823E-03,-10.1130717E-03
-2.7000E-06,-46.1004823E-03,-15.8560723E-03
-2.6000E-06,-46.1004824E-03,-10.1130717E-03
-2.5000E-06,-46.1004823E-03,-10.1130717E-03
-2.4000E-06,-34.6144810E-03,-11.5488218E-03
-2.3000E-06,-46.1004823E-03,-10.1130717E-03
-2.2000E-06,+11.3295242E-03,-10.1130717E-03
-2.1000E-06,-126.5024915E-03,-11.5488218E-03
-2.0000E-06,-46.1004823E-03,-14.4203221E-03
-1.9000E-06,-46.1004823E-03,-10.1130717E-03
-1.8000E-06,-46.1004823E-03,-10.1130717E-03
-1.7000E-06,-57.5864837E-03,-10.1130717E-03
-1.6000E-06,-46.1004823E-03,-10.1130717E-03
-1.5000E-06,-46.1004823E-03,-10.1130717E-03
-1.4000E-06,-126.5024915E-03,-20.1633228E-03
-1.3000E-06,-46.1004823E-03,-10.1130717E-03
-1.2000E-06,-46.1004823E-03,-10.1130717E-03
-1.1000E-06,-92.0444876E-03,-14.4203221E-03
-1.0000E-06,-46.1004823E-03,-10.1130717E-03
-900.0E-09,-69.0724850E-03,-7.2415713E-03
-800.0E-09,+11.3295242E-03,-10.1130717E-03
-700.0E-09,-46.1004823E-03,-11.5488218E-03
-600.0E-09,-46.1004823E-03,-10.1130717E-03
-500.0E-09,-46.1004824E-03,-10.1130717E-03
-400.0E-09,-46.1004823E-03,-15.8560723E-03
-300.0E-09,+22.8155255E-03,-10.1130717E-03
-200.0E-09,-69.0724850E-03,-17.2918225E-03
-100.0E-09,-46.1004823E-03,-2.9343208E-03
+0.0E+00,+8.5224564970E+00,+829.8007743E-03
+100.0E-09,+9.6365986243E+00,+1.1399228098E+00
+200.0E-09,+9.9237486571E+00,+1.1557160616E+00
+300.0E-09,+10.1304966807E+00,+1.1657663127E+00
+400.0E-09,+10.0845526755E+00,+1.1643305626E+00
+500.0E-09,+9.9237486571E+00,+1.1255653081E+00
+600.0E-09,+9.8203746453E+00,+1.0853643036E+00
+700.0E-09,+9.9237486571E+00,+1.0552135501E+00
+800.0E-09,+10.0041506663E+00,+1.0652638013E+00
+900.0E-09,+10.0845526755E+00,+1.0451632990E+00
+1.0000E-06,+10.0041506663E+00,+1.0150125455E+00
+1.1000E-06,+9.9237486571E+00,+984.8617921E-03
+1.2000E-06,+9.9237486571E+00,+974.8115409E-03
+1.3000E-06,+9.9811786637E+00,+961.8897894E-03
+1.4000E-06,+10.0156366676E+00,+946.0965376E-03
+1.5000E-06,+9.9696926624E+00,+928.8675357E-03
+1.6000E-06,+9.9237486571E+00,+904.4597829E-03
+1.7000E-06,+9.8778046518E+00,+884.3592806E-03
+1.8000E-06,+10.0845526755E+00,+874.3090294E-03
+1.9000E-06,+10.0041506663E+00,+864.2587783E-03
+2.0000E-06,+9.9696926624E+00,+844.1582760E-03
+2.1000E-06,+10.0041506663E+00,+824.0577737E-03
+2.2000E-06,+10.0041506663E+00,+793.9070202E-03
+2.3000E-06,+10.0845526755E+00,+793.9070202E-03
+2.4000E-06,+10.1304966807E+00,+783.8567691E-03
+2.5000E-06,+10.0156366676E+00,+755.1417658E-03
+2.6000E-06,+9.9237486571E+00,+743.6557645E-03
+2.7000E-06,+10.0041506663E+00,+730.7340130E-03
+2.8000E-06,+10.0041506663E+00,+724.9910124E-03
+2.9000E-06,+10.0041506663E+00,+713.5050111E-03
+3.0000E-06,+10.0845526755E+00,+693.4045088E-03
+3.1000E-06,+10.0041506663E+00,+679.0470071E-03
+3.2000E-06,+10.0730666742E+00,+663.2537553E-03
+3.3000E-06,+10.0845526755E+00,+643.1532530E-03
+3.4000E-06,+10.0041506663E+00,+643.1532530E-03
+3.5000E-06,+10.0845526755E+00,+623.0527507E-03
+3.6000E-06,+10.0386086702E+00,+608.6952491E-03
+3.7000E-06,+10.0041506663E+00,+602.9522484E-03
+3.8000E-06,+10.0845526755E+00,+592.9019973E-03
+3.9000E-06,+10.0845526755E+00,+574.2372451E-03
+4.0000E-06,+10.0615806729E+00,+562.7512438E-03
+4.1000E-06,+10.0615806729E+00,+552.7009927E-03
+4.2000E-06,+10.0156366676E+00,+541.2149914E-03
+4.3000E-06,+10.1190106794E+00,+532.6004904E-03
+4.4000E-06,+10.0041506663E+00,+522.5502392E-03
+4.5000E-06,+10.0845526755E+00,+506.7569874E-03
+4.6000E-06,+10.0845526755E+00,+492.3994858E-03
+4.7000E-06,+10.0845526755E+00,+482.3492346E-03
+4.8000E-06,+10.0845526755E+00,+475.1704838E-03
+4.9000E-06,+10.0960386768E+00,+472.2989835E-03
+5.0000E-06,+10.0845526755E+00,+456.5057317E-03
+5.1000E-06,+10.0845526755E+00,+452.1984812E-03
+5.2000E-06,+10.0845526755E+00,+432.0979789E-03
+5.3000E-06,+10.1534686834E+00,+432.0979789E-03
+5.4000E-06,+10.0041506663E+00,+422.0477277E-03
+5.5000E-06,+10.0271226689E+00,+411.9974766E-03
+5.6000E-06,+10.0730666742E+00,+401.9472254E-03
+5.7000E-06,+10.0845526755E+00,+387.5897238E-03
+5.8000E-06,+10.0845526755E+00,+381.8467231E-03
+5.9000E-06,+10.0845526755E+00,+371.7964720E-03
+6.0000E-06,+10.0845526755E+00,+361.7462208E-03
+6.1000E-06,+10.0500946715E+00,+351.6959697E-03
+6.2000E-06,+10.0845526755E+00,+341.6457186E-03
+6.3000E-06,+10.0845526755E+00,+340.2099684E-03
+6.4000E-06,+10.0845526755E+00,+331.5954674E-03
+6.5000E-06,+10.0845526755E+00,+321.5452163E-03
+6.6000E-06,+10.0845526755E+00,+311.4949651E-03
+6.7000E-06,+10.0156366676E+00,+301.4447140E-03
+6.8000E-06,+10.0845526755E+00,+291.3944628E-03
+6.9000E-06,+10.0845526755E+00,+288.5229625E-03
+7.0000E-06,+10.0845526755E+00,+279.9084615E-03
+7.1000E-06,+10.1304966807E+00,+271.2939605E-03
+7.2000E-06,+10.1649546847E+00,+271.2939605E-03
+7.3000E-06,+10.0845526755E+00,+251.1934582E-03
+7.4000E-06,+10.1534686834E+00,+242.5789572E-03
+7.5000E-06,+10.1075246781E+00,+241.1432071E-03
+7.6000E-06,+10.0845526755E+00,+233.9644562E-03
+7.7000E-06,+10.0960386768E+00,+229.6572058E-03
+7.8000E-06,+10.1649546847E+00,+221.0427048E-03
+7.9000E-06,+10.0845526755E+00,+210.9924536E-03
+8.0000E-06,+10.0845526755E+00,+210.9924536E-03
+8.1000E-06,+10.0845526755E+00,+200.9422025E-03
+8.2000E-06,+10.0845526755E+00,+190.8919513E-03
+8.3000E-06,+10.1649546847E+00,+190.8919513E-03
+8.4000E-06,+10.1649546847E+00,+180.8417002E-03
+8.5000E-06,+10.1649546847E+00,+176.5344497E-03
+8.6000E-06,+10.0041506663E+00,+170.7914490E-03
+8.7000E-06,+10.1649546847E+00,+160.7411979E-03
+8.8000E-06,+10.1534686834E+00,+152.1266969E-03
+8.9000E-06,+10.1649546847E+00,+140.6406956E-03
+9.0000E-06,+10.1075246781E+00,+143.5121959E-03
+9.1000E-06,+10.0960386768E+00,+140.6406956E-03
+9.2000E-06,+10.0845526755E+00,+130.5904444E-03
+9.3000E-06,+10.0845526755E+00,+130.5904444E-03
+9.4000E-06,+10.0845526755E+00,+120.5401933E-03
+9.5000E-06,+10.0960386768E+00,+120.5401933E-03
+9.6000E-06,+10.1649546847E+00,+110.4899421E-03
+9.7000E-06,+10.1649546847E+00,+107.6184418E-03
+9.8000E-06,+10.0845526755E+00,+90.3894398E-03
+9.9000E-06,+10.0845526755E+00,+94.6966903E-03
+10.0000E-06,+10.0845526755E+00,+90.3894398E-03
+10.1000E-06,+10.1649546847E+00,+90.3894398E-03
+10.2000E-06,+10.0960386768E+00,+81.7749389E-03
+10.3000E-06,+10.1649546847E+00,+74.5961880E-03
+10.4000E-06,+10.1649546847E+00,+70.2889375E-03
+10.5000E-06,+10.0960386768E+00,+68.8531874E-03
+10.6000E-06,+10.1649546847E+00,+60.2386864E-03
+10.7000E-06,+10.1649546847E+00,+60.2386864E-03
+10.8000E-06,+10.0845526755E+00,+45.8811848E-03
+10.9000E-06,+10.1649546847E+00,+50.1884352E-03
+11.0000E-06,+10.0615806729E+00,+40.1381841E-03
+11.1000E-06,+10.0845526755E+00,+47.3169349E-03
+11.2000E-06,+10.1534686834E+00,+31.5236831E-03
+11.3000E-06,+10.1304966807E+00,+35.8309336E-03
+11.4000E-06,+10.0845526755E+00,+30.0879329E-03
+11.5000E-06,+10.0845526755E+00,+25.7806825E-03
+11.6000E-06,+10.0845526755E+00,+11.4231808E-03
+11.7000E-06,+10.1649546847E+00,+20.0376818E-03
+11.8000E-06,+10.0845526755E+00,+17.1661815E-03
+11.9000E-06,+10.1649546847E+00,+1.3729297E-03
+12.0000E-06,+10.1649546847E+00,+9.9874306E-03
+12.1000E-06,+10.1649546847E+00,-62.8205E-06
+12.2000E-06,+10.1190106794E+00,-62.8205E-06
+12.3000E-06,+10.1649546847E+00,-10.1130717E-03
+12.4000E-06,+10.1419826821E+00,-7.2415713E-03
+12.5000E-06,+10.1419826820E+00,-10.1130717E-03
+12.6000E-06,+10.0845526755E+00,-10.1130717E-03
+12.7000E-06,+10.0845526755E+00,-20.1633228E-03
+12.8000E-06,+10.0845526755E+00,-20.1633228E-03
+12.9000E-06,+10.1994126886E+00,-20.1633228E-03
+13.0000E-06,+10.1649546847E+00,-20.1633228E-03
+13.1000E-06,+10.1419826821E+00,-30.2135739E-03
+13.2000E-06,+10.0845526755E+00,-30.2135739E-03
+13.3000E-06,+10.0845526755E+00,-40.2638251E-03
+13.4000E-06,+10.1304966807E+00,-40.2638251E-03
+13.5000E-06,+10.1649546847E+00,-30.2135739E-03
+13.6000E-06,+10.1190106794E+00,-50.3140762E-03
+13.7000E-06,+10.1649546847E+00,-50.3140762E-03
+13.8000E-06,+10.1075246781E+00,-50.3140762E-03
+13.9000E-06,+10.1075246781E+00,-50.3140762E-03
+14.0000E-06,+10.1534686834E+00,-50.3140762E-03
+14.1000E-06,+10.1190106794E+00,-50.3140762E-03
+14.2000E-06,+10.1649546847E+00,-60.3643274E-03
+14.3000E-06,+10.1649546847E+00,-64.6715779E-03
+14.4000E-06,+10.0845526755E+00,-70.4145785E-03
+14.5000E-06,+10.1075246781E+00,-70.4145785E-03
+14.6000E-06,+10.1649546847E+00,-60.3643274E-03
+14.7000E-06,+10.1649546847E+00,-71.8503287E-03
+14.8000E-06,+10.1649546847E+00,-74.7218290E-03
+14.9000E-06,+10.2453566939E+00,-70.4145785E-03
+15.0000E-06,+10.1304966807E+00,-74.7218290E-03
+15.1000E-06,+10.1649546847E+00,-80.4648297E-03
+15.2000E-06,+10.1649546847E+00,-80.4648297E-03
+15.3000E-06,+10.1649546847E+00,-80.4648297E-03
+15.4000E-06,+10.1649546847E+00,-90.5150808E-03
+15.5000E-06,+10.1649546847E+00,-80.4648297E-03
+15.6000E-06,+10.0845526755E+00,-80.4648297E-03
+15.7000E-06,+10.1649546847E+00,-86.2078303E-03
+15.8000E-06,+10.0845526755E+00,-90.5150808E-03
+15.9000E-06,+10.2223846912E+00,-87.6435805E-03
+16.0000E-06,+10.0845526755E+00,-90.5150808E-03
+16.1000E-06,+10.1649546847E+00,-109.1798330E-03
+16.2000E-06,+10.1649546847E+00,-94.8223313E-03
+16.3000E-06,+10.1649546847E+00,-100.5653320E-03
+16.4000E-06,+10.1649546847E+00,-96.2580815E-03
+16.5000E-06,+10.1649546847E+00,-100.5653320E-03
+16.6000E-06,+10.1649546847E+00,-107.7440828E-03
+16.7000E-06,+10.1649546847E+00,-100.5653320E-03
+16.8000E-06,+10.0845526755E+00,-109.1798330E-03
+16.9000E-06,+10.1649546847E+00,-110.6155831E-03
+17.0000E-06,+10.1649546847E+00,-100.5653320E-03
+17.1000E-06,+10.1304966807E+00,-110.6155831E-03
+17.2000E-06,+10.1764406860E+00,-109.1798330E-03
+17.3000E-06,+10.1649546847E+00,-110.6155831E-03
+17.4000E-06,+10.1649546847E+00,-117.7943340E-03
+17.5000E-06,+10.1649546847E+00,-120.6658343E-03
+17.6000E-06,+10.1649546847E+00,-116.3585838E-03
+17.7000E-06,+10.0845526755E+00,-120.6658343E-03
+17.8000E-06,+10.1649546847E+00,-110.6155831E-03
+17.9000E-06,+10.0845526755E+00,-110.6155831E-03
+18.0000E-06,+10.0845526755E+00,-120.6658343E-03
+18.1000E-06,+10.1419826820E+00,-120.6658343E-03
+18.2000E-06,+10.1649546847E+00,-112.0513333E-03
+18.3000E-06,+10.1190106794E+00,-120.6658343E-03
+18.4000E-06,+10.1649546847E+00,-120.6658343E-03
+18.5000E-06,+10.0845526755E+00,-120.6658343E-03
+18.6000E-06,+10.1534686834E+00,-120.6658343E-03
+18.7000E-06,+10.0845526755E+00,-120.6658343E-03
+18.8000E-06,+10.1075246781E+00,-123.5373346E-03
+18.9000E-06,+10.1534686834E+00,-120.6658343E-03
+19.0000E-06,+10.1649546847E+00,-120.6658343E-03
+19.1000E-06,+10.0845526755E+00,-130.7160854E-03
+19.2000E-06,+10.1649546847E+00,-124.9730848E-03
+19.3000E-06,+10.0960386768E+00,-122.1015845E-03
+19.4000E-06,+10.0845526755E+00,-127.8445851E-03
+19.5000E-06,+10.1879266873E+00,-123.5373346E-03
+19.6000E-06,+10.0845526755E+00,-130.7160854E-03
+19.7000E-06,+10.1649546847E+00,-130.7160854E-03
+19.8000E-06,+10.1649546847E+00,-130.7160854E-03
+19.9000E-06,+10.1649546847E+00,-130.7160854E-03
+20.0000E-06,+10.1534686834E+00,-130.7160854E-03
+20.1000E-06,+10.0845526755E+00,-127.8445851E-03
+20.2000E-06,+10.0845526755E+00,-137.8948363E-03
+20.3000E-06,+10.1534686834E+00,-129.2803353E-03
+20.4000E-06,+10.0386086702E+00,-126.4088349E-03
+20.5000E-06,+10.0845526755E+00,-130.7160854E-03
+20.6000E-06,+10.1304966807E+00,-130.7160854E-03
+20.7000E-06,+10.1649546847E+00,-132.1518356E-03
+20.8000E-06,+10.1649546847E+00,-130.7160854E-03
+20.9000E-06,+10.1649546847E+00,-137.8948363E-03
+21.0000E-06,+10.0845526755E+00,-122.1015844E-03
+21.1000E-06,+10.1304966807E+00,-136.4590861E-03
+21.2000E-06,+10.0845526755E+00,-140.7663366E-03
+21.3000E-06,+10.0845526755E+00,-136.4590861E-03
+21.4000E-06,+10.0960386768E+00,-140.7663366E-03
+21.5000E-06,+10.1075246781E+00,-140.7663366E-03
+21.6000E-06,+10.1649546847E+00,-130.7160854E-03
+21.7000E-06,+10.1534686834E+00,-139.3305864E-03
+21.8000E-06,+10.1994126886E+00,-146.5093372E-03
+21.9000E-06,+10.1649546847E+00,-140.7663366E-03
+22.0000E-06,+10.0960386768E+00,-140.7663366E-03
+22.1000E-06,+10.1419826820E+00,-140.7663366E-03
+22.2000E-06,+10.0845526755E+00,-137.8948363E-03
+22.3000E-06,+10.1419826820E+00,-140.7663366E-03
+22.4000E-06,+10.0960386768E+00,-132.1518356E-03
+22.5000E-06,+10.1304966807E+00,-140.7663366E-03
+22.6000E-06,+10.0845526755E+00,-140.7663366E-03
+22.7000E-06,+10.0845526755E+00,-130.7160854E-03
+22.8000E-06,+10.0845526755E+00,-140.7663366E-03
+22.9000E-06,+10.1075246781E+00,-140.7663366E-03
+23.0000E-06,+10.1419826820E+00,-147.9450874E-03
+23.1000E-06,+10.1649546847E+00,-132.1518356E-03
+23.2000E-06,+10.2108986899E+00,-140.7663366E-03
+23.3000E-06,+10.1649546847E+00,-140.7663366E-03
+23.4000E-06,+10.1649546847E+00,-140.7663366E-03
+23.5000E-06,+10.1649546847E+00,-139.3305864E-03
+23.6000E-06,+10.1419826821E+00,-140.7663366E-03
+23.7000E-06,+10.1075246781E+00,-140.7663366E-03
+23.8000E-06,+10.0960386768E+00,-140.7663366E-03
+23.9000E-06,+10.1649546847E+00,-140.7663366E-03
+24.0000E-06,+10.1649546847E+00,-140.7663366E-03
+24.1000E-06,+10.1190106794E+00,-140.7663366E-03
+24.2000E-06,+10.0845526755E+00,-132.1518356E-03
+24.3000E-06,+10.1419826821E+00,-140.7663366E-03
+24.4000E-06,+10.0845526755E+00,-140.7663366E-03
+24.5000E-06,+10.1649546847E+00,-140.7663366E-03
+24.6000E-06,+10.1190106794E+00,-135.0233359E-03
+24.7000E-06,+10.1649546847E+00,-130.7160854E-03
+24.8000E-06,+10.0845526755E+00,-136.4590861E-03
+24.9000E-06,+10.0845526755E+00,-140.7663366E-03
+25.0000E-06,+10.0845526755E+00,-130.7160854E-03
+25.1000E-06,+10.1649546847E+00,-140.7663366E-03
+25.2000E-06,+10.0845526755E+00,-130.7160854E-03
+25.3000E-06,+10.1649546847E+00,-140.7663366E-03
+25.4000E-06,+10.1649546847E+00,-140.7663366E-03
+25.5000E-06,+10.0845526755E+00,-140.7663366E-03
+25.6000E-06,+10.1534686834E+00,-140.7663366E-03
+25.7000E-06,+10.1419826821E+00,-133.5875858E-03
+25.8000E-06,+10.1649546847E+00,-143.6378369E-03
+25.9000E-06,+10.0845526755E+00,-132.1518356E-03
+26.0000E-06,+10.1304966807E+00,-130.7160854E-03
+26.1000E-06,+10.0845526755E+00,-130.7160854E-03
+26.2000E-06,+10.0845526755E+00,-135.0233359E-03
+26.3000E-06,+10.1649546847E+00,-130.7160854E-03
+26.4000E-06,+10.1075246781E+00,-130.7160854E-03
+26.5000E-06,+10.1075246781E+00,-130.7160854E-03
+26.6000E-06,+10.1649546847E+00,-130.7160854E-03
+26.7000E-06,+10.1649546847E+00,-135.0233359E-03
+26.8000E-06,+10.0845526755E+00,-140.7663366E-03
+26.9000E-06,+10.1649546847E+00,-130.7160854E-03
+27.0000E-06,+10.1534686834E+00,-130.7160854E-03
+27.1000E-06,+10.1419826821E+00,-130.7160854E-03
+27.2000E-06,+10.1075246781E+00,-130.7160854E-03
+27.3000E-06,+10.1534686834E+00,-132.1518356E-03
+27.4000E-06,+10.1649546847E+00,-130.7160854E-03
+27.5000E-06,+10.1649546847E+00,-140.7663366E-03
+27.6000E-06,+10.1304966807E+00,-140.7663366E-03
+27.7000E-06,+10.1649546847E+00,-130.7160854E-03
+27.8000E-06,+10.1649546847E+00,-130.7160854E-03
+27.9000E-06,+10.1649546847E+00,-130.7160854E-03
+28.0000E-06,+10.1649546847E+00,-130.7160854E-03
+28.1000E-06,+10.1649546847E+00,-130.7160854E-03
+28.2000E-06,+10.0845526755E+00,-130.7160854E-03
+28.3000E-06,+10.1304966807E+00,-130.7160854E-03
+28.4000E-06,+10.1534686834E+00,-120.6658343E-03
+28.5000E-06,+10.1419826821E+00,-130.7160854E-03
+28.6000E-06,+10.1419826820E+00,-130.7160854E-03
+28.7000E-06,+10.1649546847E+00,-129.2803353E-03
+28.8000E-06,+10.1190106794E+00,-124.9730848E-03
+28.9000E-06,+10.1649546847E+00,-130.7160854E-03
+29.0000E-06,+10.1649546847E+00,-120.6658343E-03
+29.1000E-06,+10.0845526755E+00,-130.7160854E-03
+29.2000E-06,+10.0615806729E+00,-130.7160854E-03
+29.3000E-06,+10.1649546847E+00,-116.3585838E-03
+29.4000E-06,+10.1649546847E+00,-122.1015844E-03
+29.5000E-06,+10.1304966807E+00,-130.7160854E-03
+29.6000E-06,+10.1649546847E+00,-120.6658343E-03
+29.7000E-06,+10.0845526755E+00,-126.4088349E-03
+29.8000E-06,+10.0845526755E+00,-130.7160854E-03
+29.9000E-06,+10.1649546847E+00,-123.5373346E-03
+30.0000E-06,+10.1649546847E+00,-120.6658343E-03
+30.1000E-06,+10.0845526755E+00,-129.2803353E-03
+30.2000E-06,+10.1304966807E+00,-120.6658343E-03
+30.3000E-06,+10.1649546847E+00,-120.6658343E-03
+30.4000E-06,+10.1649546847E+00,-120.6658343E-03
+30.5000E-06,+10.1534686834E+00,-120.6658343E-03
+30.6000E-06,+10.1075246781E+00,-120.6658343E-03
+30.7000E-06,+10.1075246781E+00,-120.6658343E-03
+30.8000E-06,+10.0845526755E+00,-120.6658343E-03
+30.9000E-06,+10.0845526755E+00,-124.9730848E-03
+31.0000E-06,+10.0845526755E+00,-130.7160854E-03
+31.1000E-06,+10.1304966807E+00,-114.9228336E-03
+31.2000E-06,+10.0845526755E+00,-120.6658343E-03
+31.3000E-06,+10.1649546847E+00,-120.6658343E-03
+31.4000E-06,+10.0845526755E+00,-120.6658343E-03
+31.5000E-06,+10.1764406860E+00,-120.6658343E-03
+31.6000E-06,+10.0845526755E+00,-116.3585838E-03
+31.7000E-06,+10.0845526755E+00,-120.6658343E-03
+31.8000E-06,+10.1649546847E+00,-124.9730848E-03
+31.9000E-06,+10.1534686834E+00,-119.2300841E-03
+32.0000E-06,+10.1649546847E+00,-117.7943340E-03
+32.1000E-06,+10.1649546847E+00,-113.4870835E-03
+32.2000E-06,+10.1649546847E+00,-112.0513333E-03
+32.3000E-06,+10.0845526755E+00,-110.6155831E-03
+32.4000E-06,+10.1649546847E+00,-110.6155831E-03
+32.5000E-06,+10.1649546847E+00,-110.6155831E-03
+32.6000E-06,+10.0156366676E+00,-120.6658343E-03
+32.7000E-06,+10.1649546847E+00,-110.6155831E-03
+32.8000E-06,+10.1419826820E+00,-107.7440828E-03
+32.9000E-06,+10.1649546847E+00,-110.6155831E-03
+33.0000E-06,+10.1190106794E+00,-110.6155831E-03
+33.1000E-06,+10.0845526755E+00,-120.6658343E-03
+33.2000E-06,+10.1649546847E+00,-110.6155831E-03
+33.3000E-06,+10.0271226689E+00,-102.0010822E-03
+33.4000E-06,+10.1649546847E+00,-113.4870835E-03
+33.5000E-06,+10.1419826820E+00,-107.7440828E-03
+33.6000E-06,+10.1649546847E+00,-110.6155831E-03
+33.7000E-06,+10.1190106794E+00,-110.6155831E-03
+33.8000E-06,+10.0845526755E+00,-110.6155831E-03
+33.9000E-06,+10.0500946716E+00,-110.6155831E-03
+34.0000E-06,+10.1649546847E+00,-112.0513333E-03
+34.1000E-06,+10.0845526755E+00,-117.7943340E-03
+34.2000E-06,+10.1419826820E+00,-107.7440828E-03
+34.3000E-06,+10.0845526755E+00,-110.6155831E-03
+34.4000E-06,+10.1304966807E+00,-110.6155831E-03
+34.5000E-06,+10.1649546847E+00,-100.5653320E-03
+34.6000E-06,+10.2453566939E+00,-104.8725825E-03
+34.7000E-06,+10.1649546847E+00,-100.5653320E-03
+34.8000E-06,+10.0845526755E+00,-100.5653320E-03
+34.9000E-06,+10.1649546847E+00,-110.6155831E-03
+35.0000E-06,+10.1534686834E+00,-110.6155831E-03
+35.1000E-06,+10.0845526755E+00,-100.5653320E-03
+35.2000E-06,+10.1649546847E+00,-110.6155831E-03
+35.3000E-06,+10.2108986899E+00,-100.5653320E-03
+35.4000E-06,+10.1649546847E+00,-112.0513333E-03
+35.5000E-06,+10.1075246781E+00,-97.6938317E-03
+35.6000E-06,+10.1075246781E+00,-93.3865812E-03
+35.7000E-06,+10.0960386768E+00,-100.5653320E-03
+35.8000E-06,+10.1649546847E+00,-100.5653320E-03
+35.9000E-06,+10.0845526755E+00,-100.5653320E-03
+36.0000E-06,+10.0845526755E+00,-96.2580815E-03
+36.1000E-06,+10.2223846912E+00,-100.5653320E-03
+36.2000E-06,+10.0845526755E+00,-90.5150808E-03
+36.3000E-06,+10.0845526755E+00,-97.6938317E-03
+36.4000E-06,+10.0960386768E+00,-100.5653320E-03
+36.5000E-06,+10.1304966807E+00,-96.2580815E-03
+36.6000E-06,+10.0845526755E+00,-90.5150808E-03
+36.7000E-06,+10.0845526755E+00,-96.2580815E-03
+36.8000E-06,+10.1534686834E+00,-91.9508310E-03
+36.9000E-06,+10.1075246781E+00,-100.5653320E-03
+37.0000E-06,+10.1075246781E+00,-90.5150808E-03
+37.1000E-06,+10.1534686834E+00,-99.1295818E-03
+37.2000E-06,+10.1994126886E+00,-90.5150808E-03
+37.3000E-06,+10.0845526755E+00,-100.5653320E-03
+37.4000E-06,+10.0845526755E+00,-94.8223313E-03
+37.5000E-06,+10.0960386768E+00,-99.1295818E-03
+37.6000E-06,+10.1075246781E+00,-93.3865812E-03
+37.7000E-06,+10.1649546847E+00,-90.5150808E-03
+37.8000E-06,+10.1649546847E+00,-89.0793307E-03
+37.9000E-06,+10.0845526755E+00,-90.5150808E-03
+38.0000E-06,+10.1649546847E+00,-100.5653320E-03
+38.1000E-06,+10.0845526755E+00,-90.5150808E-03
+38.2000E-06,+10.0845526755E+00,-90.5150808E-03
+38.3000E-06,+10.1649546847E+00,-90.5150808E-03
+38.4000E-06,+10.1075246781E+00,-90.5150808E-03
+38.5000E-06,+10.1649546847E+00,-90.5150808E-03
+38.6000E-06,+10.1649546847E+00,-80.4648297E-03
+38.7000E-06,+10.0845526755E+00,-90.5150808E-03
+38.8000E-06,+10.1190106794E+00,-86.2078303E-03
+38.9000E-06,+10.0845526755E+00,-80.4648297E-03
+39.0000E-06,+10.1419826821E+00,-90.5150808E-03
+39.1000E-06,+10.1649546847E+00,-83.3363300E-03
+39.2000E-06,+10.1649546847E+00,-90.5150808E-03
+39.3000E-06,+10.1190106794E+00,-84.7720802E-03
+39.4000E-06,+10.1649546847E+00,-90.5150808E-03
+39.5000E-06,+10.0845526755E+00,-80.4648297E-03
+39.6000E-06,+10.1649546847E+00,-80.4648297E-03
+39.7000E-06,+10.1419826821E+00,-87.6435805E-03
+39.8000E-06,+10.1075246781E+00,-87.6435805E-03
+39.9000E-06,+10.1649546847E+00,-89.0793307E-03
+40.0000E-06,+10.1304966807E+00,-80.4648297E-03
+40.1000E-06,+10.0845526755E+00,-70.4145785E-03
+40.2000E-06,+10.0845526755E+00,-80.4648297E-03
+40.3000E-06,+10.0845526755E+00,-80.4648297E-03
+40.4000E-06,+10.0845526755E+00,-80.4648297E-03
+40.5000E-06,+10.0845526755E+00,-73.2860789E-03
+40.6000E-06,+10.0156366676E+00,-71.8503287E-03
+40.7000E-06,+10.0500946715E+00,-84.7720802E-03
+40.8000E-06,+10.0845526755E+00,-80.4648297E-03
+40.9000E-06,+10.1649546847E+00,-70.4145785E-03
+41.0000E-06,+10.0845526755E+00,-80.4648297E-03
+41.1000E-06,+10.1075246781E+00,-80.4648297E-03
+41.2000E-06,+10.1419826820E+00,-80.4648297E-03
+41.3000E-06,+10.0845526755E+00,-80.4648297E-03
+41.4000E-06,+10.1190106794E+00,-80.4648297E-03
+41.5000E-06,+10.0845526755E+00,-80.4648297E-03
+41.6000E-06,+10.1764406860E+00,-70.4145785E-03
+41.7000E-06,+10.0960386768E+00,-79.0290795E-03
+41.8000E-06,+10.0845526755E+00,-70.4145785E-03
+41.9000E-06,+10.1649546847E+00,-70.4145785E-03
+42.0000E-06,+10.1649546847E+00,-71.8503287E-03
+42.1000E-06,+10.1649546847E+00,-74.7218290E-03
+42.2000E-06,+10.1649546847E+00,-80.4648297E-03
+42.3000E-06,+10.0845526755E+00,-70.4145785E-03
+42.4000E-06,+10.0845526755E+00,-70.4145785E-03
+42.5000E-06,+10.1649546847E+00,-70.4145785E-03
+42.6000E-06,+10.0845526755E+00,-77.5933294E-03
+42.7000E-06,+10.0845526755E+00,-70.4145785E-03
+42.8000E-06,+10.1304966807E+00,-70.4145785E-03
+42.9000E-06,+10.0845526755E+00,-80.4648297E-03
+43.0000E-06,+10.1190106794E+00,-80.4648297E-03
+43.1000E-06,+10.0845526755E+00,-79.0290795E-03
+43.2000E-06,+10.1649546847E+00,-70.4145785E-03
+43.3000E-06,+10.1649546847E+00,-70.4145785E-03
+43.4000E-06,+10.0845526755E+00,-63.2358277E-03
+43.5000E-06,+10.1649546847E+00,-76.1575792E-03
+43.6000E-06,+10.0845526755E+00,-70.4145785E-03
+43.7000E-06,+10.0845526755E+00,-70.4145785E-03
+43.8000E-06,+10.0845526755E+00,-70.4145785E-03
+43.9000E-06,+10.0845526755E+00,-70.4145785E-03
+44.0000E-06,+10.1419826820E+00,-67.5430782E-03
+44.1000E-06,+10.0845526755E+00,-70.4145785E-03
+44.2000E-06,+10.1649546847E+00,-70.4145785E-03
+44.3000E-06,+10.0845526755E+00,-70.4145785E-03
+44.4000E-06,+10.1649546847E+00,-60.3643274E-03
+44.5000E-06,+10.1649546847E+00,-60.3643274E-03
+44.6000E-06,+10.1075246781E+00,-70.4145785E-03
+44.7000E-06,+10.1649546847E+00,-70.4145785E-03
+44.8000E-06,+10.0730666742E+00,-61.8000776E-03
+44.9000E-06,+10.0845526755E+00,-60.3643274E-03
+45.0000E-06,+10.0845526755E+00,-60.3643274E-03
+45.1000E-06,+10.0845526755E+00,-64.6715779E-03
+45.2000E-06,+10.1534686833E+00,-68.9788284E-03
+45.3000E-06,+10.0615806729E+00,-60.3643274E-03
+45.4000E-06,+10.0845526755E+00,-60.3643274E-03
+45.5000E-06,+10.0960386768E+00,-60.3643274E-03
+45.6000E-06,+10.1190106794E+00,-60.3643274E-03
+45.7000E-06,+10.0845526755E+00,-70.4145785E-03
+45.8000E-06,+10.1649546847E+00,-60.3643274E-03
+45.9000E-06,+10.0960386768E+00,-67.5430782E-03
+46.0000E-06,+10.0845526755E+00,-60.3643274E-03
+46.1000E-06,+10.1075246781E+00,-67.5430782E-03
+46.2000E-06,+10.0845526755E+00,-60.3643274E-03
+46.3000E-06,+10.1190106794E+00,-54.6213267E-03
+46.4000E-06,+10.0845526755E+00,-50.3140762E-03
+46.5000E-06,+10.1649546847E+00,-76.1575792E-03
+46.6000E-06,+10.1649546847E+00,-60.3643274E-03
+46.7000E-06,+10.1419826821E+00,-60.3643274E-03
+46.8000E-06,+10.0271226689E+00,-60.3643274E-03
+46.9000E-06,+10.0960386768E+00,-50.3140762E-03
+47.0000E-06,+10.0845526755E+00,-56.0570769E-03
+47.1000E-06,+10.0845526755E+00,-50.3140762E-03
+47.2000E-06,+10.0845526755E+00,-60.3643274E-03
+47.3000E-06,+10.0960386768E+00,-60.3643274E-03
+47.4000E-06,+10.1419826821E+00,-60.3643274E-03
+47.5000E-06,+10.1419826820E+00,-60.3643274E-03
+47.6000E-06,+10.0845526755E+00,-51.7498264E-03
+47.7000E-06,+10.0845526755E+00,-60.3643274E-03
+47.8000E-06,+10.0845526755E+00,-60.3643274E-03
+47.9000E-06,+10.1649546847E+00,-50.3140762E-03
+48.0000E-06,+10.1764406860E+00,-60.3643274E-03
+48.1000E-06,+10.0845526755E+00,-64.6715779E-03
+48.2000E-06,+10.1649546847E+00,-50.3140762E-03
+48.3000E-06,+10.0960386768E+00,-50.3140762E-03
+48.4000E-06,+10.1649546847E+00,-50.3140762E-03
+48.5000E-06,+10.1649546847E+00,-50.3140762E-03
+48.6000E-06,+10.0845526755E+00,-54.6213267E-03
+48.7000E-06,+10.0960386768E+00,-50.3140762E-03
+48.8000E-06,+10.0845526755E+00,-57.4928271E-03
+48.9000E-06,+10.0845526755E+00,-50.3140762E-03
+49.0000E-06,+10.0730666742E+00,-50.3140762E-03
+49.1000E-06,+10.1304966807E+00,-56.0570769E-03
+49.2000E-06,+10.0845526755E+00,-50.3140762E-03
+49.3000E-06,+10.0845526755E+00,-54.6213267E-03
+49.4000E-06,+10.1534686833E+00,-50.3140762E-03
+49.5000E-06,+10.1419826821E+00,-50.3140762E-03
+49.6000E-06,+10.1879266873E+00,-57.4928271E-03
+49.7000E-06,+10.1534686834E+00,-50.3140762E-03
+49.8000E-06,+10.1649546847E+00,-46.0068258E-03
+49.9000E-06,+10.0845526755E+00,-50.3140762E-03
+50.0000E-06,+10.0845526755E+00,-50.3140762E-03
+50.1000E-06,+10.0960386768E+00,-50.3140762E-03
+50.2000E-06,+10.1075246781E+00,-50.3140762E-03
+50.3000E-06,+10.0845526755E+00,-47.4425759E-03
+50.4000E-06,+10.0845526755E+00,-50.3140762E-03
+50.5000E-06,+10.1649546847E+00,-46.0068258E-03
+50.6000E-06,+10.1649546847E+00,-40.2638251E-03
+50.7000E-06,+10.1190106794E+00,-40.2638251E-03
+50.8000E-06,+10.1649546847E+00,-50.3140762E-03
+50.9000E-06,+10.1649546847E+00,-50.3140762E-03
+51.0000E-06,+10.0845526755E+00,-50.3140762E-03
+51.1000E-06,+10.0845526755E+00,-50.3140762E-03
+51.2000E-06,+10.1304966807E+00,-40.2638251E-03
+51.3000E-06,+10.0845526755E+00,-40.2638251E-03
+51.4000E-06,+10.1304966808E+00,-44.5710756E-03
+51.5000E-06,+10.1534686833E+00,-40.2638251E-03
+51.6000E-06,+10.0845526755E+00,-40.2638251E-03
+51.7000E-06,+10.0845526755E+00,-43.1353254E-03
+51.8000E-06,+10.0845526755E+00,-40.2638251E-03
+51.9000E-06,+10.1190106794E+00,-50.3140762E-03
+52.0000E-06,+10.1649546847E+00,-40.2638251E-03
+52.1000E-06,+10.1649546847E+00,-50.3140762E-03
+52.2000E-06,+10.1649546847E+00,-41.6995753E-03
+52.3000E-06,+10.0845526755E+00,-40.2638251E-03
+52.4000E-06,+10.1075246781E+00,-50.3140762E-03
+52.5000E-06,+10.0960386768E+00,-31.6493241E-03
+52.6000E-06,+10.0845526755E+00,-40.2638251E-03
+52.7000E-06,+10.0845526755E+00,-40.2638251E-03
+52.8000E-06,+10.1190106794E+00,-40.2638251E-03
+52.9000E-06,+10.0845526755E+00,-41.6995753E-03
+53.0000E-06,+10.1075246781E+00,-50.3140762E-03
+53.1000E-06,+10.1075246781E+00,-40.2638251E-03
+53.2000E-06,+10.0960386768E+00,-40.2638251E-03
+53.3000E-06,+10.1649546847E+00,-40.2638251E-03
+53.4000E-06,+10.1649546847E+00,-50.3140762E-03
+53.5000E-06,+10.0845526755E+00,-40.2638251E-03
+53.6000E-06,+10.0845526755E+00,-40.2638251E-03
+53.7000E-06,+10.0845526755E+00,-40.2638251E-03
+53.8000E-06,+10.1649546847E+00,-40.2638251E-03
+53.9000E-06,+10.0960386768E+00,-40.2638251E-03
+54.0000E-06,+10.0845526755E+00,-40.2638251E-03
+54.1000E-06,+10.0845526755E+00,-40.2638251E-03
+54.2000E-06,+10.1304966808E+00,-44.5710756E-03
+54.3000E-06,+10.1534686833E+00,-40.2638251E-03
+54.4000E-06,+10.1419826821E+00,-40.2638251E-03
+54.5000E-06,+10.1649546847E+00,-33.0850743E-03
+54.6000E-06,+10.0960386768E+00,-40.2638251E-03
+54.7000E-06,+10.1649546847E+00,-40.2638251E-03
+54.8000E-06,+10.1649546847E+00,-40.2638251E-03
+54.9000E-06,+10.0845526755E+00,-35.9565746E-03
+55.0000E-06,+10.0845526755E+00,-38.8280749E-03
+55.1000E-06,+10.1075246781E+00,-40.2638251E-03
+55.2000E-06,+10.0845526755E+00,-40.2638251E-03
+55.3000E-06,+10.0845526755E+00,-30.2135739E-03
+55.4000E-06,+10.1649546847E+00,-35.9565746E-03
+55.5000E-06,+10.0845526755E+00,-30.2135739E-03
+55.6000E-06,+10.1649546847E+00,-28.7778238E-03
+55.7000E-06,+10.0845526755E+00,-40.2638251E-03
+55.8000E-06,+10.1075246781E+00,-30.2135739E-03
+55.9000E-06,+10.1419826820E+00,-37.3923248E-03
+56.0000E-06,+10.0845526755E+00,-31.6493241E-03
+56.1000E-06,+10.0845526755E+00,-35.9565746E-03
+56.2000E-06,+10.0845526755E+00,-30.2135739E-03
+56.3000E-06,+10.1304966808E+00,-34.5208244E-03
+56.4000E-06,+10.0845526755E+00,-40.2638251E-03
+56.5000E-06,+10.0845526755E+00,-33.0850743E-03
+56.6000E-06,+10.0845526755E+00,-33.0850743E-03
+56.7000E-06,+10.1649546847E+00,-31.6493241E-03
+56.8000E-06,+10.0845526755E+00,-30.2135739E-03
+56.9000E-06,+10.0845526755E+00,-30.2135739E-03
+57.0000E-06,+10.1304966808E+00,-20.1633228E-03
+57.1000E-06,+10.1534686833E+00,-38.8280749E-03
+57.2000E-06,+10.1075246781E+00,-30.2135739E-03
+57.3000E-06,+10.1419826820E+00,-27.3420736E-03
+57.4000E-06,+10.0960386768E+00,-38.8280749E-03
+57.5000E-06,+10.1190106794E+00,-30.2135739E-03
+57.6000E-06,+10.0845526755E+00,-30.2135739E-03
+57.7000E-06,+10.0845526755E+00,-30.2135739E-03
+57.8000E-06,+10.1649546847E+00,-21.5990730E-03
+57.9000E-06,+10.1075246781E+00,-30.2135739E-03
+58.0000E-06,+10.1075246781E+00,-30.2135739E-03
+58.1000E-06,+10.1534686834E+00,-38.8280749E-03
+58.2000E-06,+10.1304966807E+00,-30.2135739E-03
+58.3000E-06,+10.0845526755E+00,-30.2135740E-03
+58.4000E-06,+10.1190106794E+00,-35.9565746E-03
+58.5000E-06,+10.1649546847E+00,-30.2135739E-03
+58.6000E-06,+10.1649546847E+00,-37.3923248E-03
+58.7000E-06,+10.1419826820E+00,-33.0850743E-03
+58.8000E-06,+10.0845526755E+00,-30.2135739E-03
+58.9000E-06,+10.0845526755E+00,-24.4705733E-03
+59.0000E-06,+10.1649546847E+00,-30.2135739E-03
+59.1000E-06,+10.1649546847E+00,-35.9565746E-03
+59.2000E-06,+10.0845526755E+00,-30.2135739E-03
+59.3000E-06,+10.0845526755E+00,-37.3923248E-03
+59.4000E-06,+10.1419826820E+00,-27.3420736E-03
+59.5000E-06,+10.0960386768E+00,-28.7778238E-03
+59.6000E-06,+10.1649546847E+00,-30.2135739E-03
+59.7000E-06,+10.1649546847E+00,-10.1130717E-03
+59.8000E-06,+10.1304966808E+00,-24.4705733E-03
+59.9000E-06,+10.0960386768E+00,-21.5990730E-03
+60.0000E-06,+10.1649546847E+00,-20.1633228E-03
+60.1000E-06,+10.0845526755E+00,-20.1633228E-03
+60.2000E-06,+10.1534686834E+00,-21.5990730E-03
+60.3000E-06,+10.0845526755E+00,-20.1633228E-03
+60.4000E-06,+10.0845526755E+00,-30.2135739E-03
+60.5000E-06,+10.0845526755E+00,-20.1633228E-03
+60.6000E-06,+10.0845526755E+00,-30.2135739E-03
+60.7000E-06,+10.0845526755E+00,-27.3420736E-03
+60.8000E-06,+10.1075246781E+00,-27.3420736E-03
+60.9000E-06,+10.1649546847E+00,-30.2135739E-03
+61.0000E-06,+10.1304966807E+00,-20.1633228E-03
+61.1000E-06,+10.1649546847E+00,-20.1633228E-03
+61.2000E-06,+10.1649546847E+00,-20.1633228E-03
+61.3000E-06,+10.1649546847E+00,-30.2135739E-03
+61.4000E-06,+10.1649546847E+00,-20.1633228E-03
+61.5000E-06,+10.1075246781E+00,-20.1633228E-03
+61.6000E-06,+10.0845526755E+00,-20.1633228E-03
+61.7000E-06,+10.1304966807E+00,-25.9063235E-03
+61.8000E-06,+10.1649546847E+00,-30.2135739E-03
+61.9000E-06,+10.1190106794E+00,-20.1633228E-03
+62.0000E-06,+10.1534686833E+00,-20.1633228E-03
+62.1000E-06,+10.1649546847E+00,-20.1633228E-03
+62.2000E-06,+10.0845526755E+00,-27.3420736E-03
+62.3000E-06,+10.0845526755E+00,-30.2135739E-03
+62.4000E-06,+10.0845526755E+00,-14.4203221E-03
+62.5000E-06,+10.0845526755E+00,-30.2135739E-03
+62.6000E-06,+10.1190106794E+00,-30.2135739E-03
+62.7000E-06,+10.0845526755E+00,-18.7275726E-03
+62.8000E-06,+10.0845526755E+00,-20.1633228E-03
+62.9000E-06,+10.1649546847E+00,-27.3420736E-03
+63.0000E-06,+10.0845526755E+00,-30.2135739E-03
+63.1000E-06,+10.1649546847E+00,-30.2135739E-03
+63.2000E-06,+10.1649546847E+00,-20.1633228E-03
+63.3000E-06,+10.1649546847E+00,-30.2135739E-03
+63.4000E-06,+10.0156366676E+00,-28.7778238E-03
+63.5000E-06,+10.1419826821E+00,-27.3420736E-03
+63.6000E-06,+10.1075246781E+00,-20.1633228E-03
+63.7000E-06,+10.0845526755E+00,-18.7275726E-03
+63.8000E-06,+10.0845526755E+00,-20.1633228E-03
+63.9000E-06,+10.1649546847E+00,-20.1633228E-03
+64.0000E-06,+10.0845526755E+00,-20.1633228E-03
+64.1000E-06,+10.0845526755E+00,-28.7778238E-03
+64.2000E-06,+10.1649546847E+00,-20.1633228E-03
+64.3000E-06,+10.1649546847E+00,-20.1633228E-03
+64.4000E-06,+10.0845526755E+00,-20.1633228E-03
+64.5000E-06,+10.0845526755E+00,-25.9063235E-03
+64.6000E-06,+10.1649546847E+00,-20.1633228E-03
+64.7000E-06,+10.0845526755E+00,-14.4203221E-03
+64.8000E-06,+10.1649546847E+00,-20.1633228E-03
+64.9000E-06,+10.1075246781E+00,-20.1633228E-03
+65.0000E-06,+10.0845526755E+00,-17.2918225E-03
+65.1000E-06,+10.1649546847E+00,-20.1633228E-03
+65.2000E-06,+10.0845526755E+00,-14.4203221E-03
+65.3000E-06,+10.1649546847E+00,-20.1633228E-03
+65.4000E-06,+10.1649546847E+00,-10.1130717E-03
+65.5000E-06,+10.1534686833E+00,-20.1633228E-03
+65.6000E-06,+10.1419826821E+00,-17.2918225E-03
+65.7000E-06,+10.0845526755E+00,-20.1633228E-03
+65.8000E-06,+10.1534686834E+00,-20.1633228E-03
+65.9000E-06,+10.1304966807E+00,-15.8560723E-03
+66.0000E-06,+10.0845526755E+00,-10.1130717E-03
+66.1000E-06,+10.0845526755E+00,-20.1633228E-03
+66.2000E-06,+10.0845526755E+00,-18.7275726E-03
+66.3000E-06,+10.2223846913E+00,-12.9845720E-03
+66.4000E-06,+10.0845526755E+00,-20.1633228E-03
+66.5000E-06,+10.0845526755E+00,-18.7275726E-03
+66.6000E-06,+10.1190106794E+00,-25.9063235E-03
+66.7000E-06,+10.0845526755E+00,-10.1130717E-03
+66.8000E-06,+10.0845526755E+00,-20.1633228E-03
+66.9000E-06,+10.0845526755E+00,-20.1633228E-03
+67.0000E-06,+10.0845526755E+00,-20.1633228E-03
+67.1000E-06,+10.1419826820E+00,-20.1633228E-03
+67.2000E-06,+10.0845526755E+00,-20.1633228E-03
+67.3000E-06,+10.0845526755E+00,-15.8560723E-03
+67.4000E-06,+10.0845526755E+00,-10.1130717E-03
+67.5000E-06,+10.0845526755E+00,-15.8560723E-03
+67.6000E-06,+10.0960386768E+00,-10.1130717E-03
+67.7000E-06,+10.1075246781E+00,-17.2918225E-03
+67.8000E-06,+10.0845526755E+00,-17.2918225E-03
+67.9000E-06,+10.0845526755E+00,-20.1633228E-03
+68.0000E-06,+10.1190106794E+00,-15.8560723E-03
+68.1000E-06,+10.1649546847E+00,-10.1130717E-03
+68.2000E-06,+10.0845526755E+00,-15.8560723E-03
+68.3000E-06,+10.0845526755E+00,-18.7275726E-03
+68.4000E-06,+10.1075246781E+00,-20.1633228E-03
+68.5000E-06,+10.0845526755E+00,-15.8560723E-03
+68.6000E-06,+10.0845526755E+00,-20.1633228E-03
+68.7000E-06,+10.0845526755E+00,-20.1633228E-03
+68.8000E-06,+10.0845526755E+00,-10.1130717E-03
+68.9000E-06,+10.0845526755E+00,-20.1633228E-03
+69.0000E-06,+10.0845526755E+00,-18.7275726E-03
+69.1000E-06,+10.1419826821E+00,-10.1130717E-03
+69.2000E-06,+10.0845526755E+00,-20.1633228E-03
+69.3000E-06,+10.1534686834E+00,-10.1130717E-03
+69.4000E-06,+10.1649546847E+00,-20.1633228E-03
+69.5000E-06,+10.0845526755E+00,-10.1130717E-03
+69.6000E-06,+10.1649546847E+00,-10.1130717E-03
+69.7000E-06,+10.0845526755E+00,-20.1633228E-03
+69.8000E-06,+10.0845526755E+00,-12.9845720E-03
+69.9000E-06,+10.0845526755E+00,-17.2918225E-03
+70.0000E-06,+10.0845526755E+00,-10.1130717E-03
+70.1000E-06,+10.1190106795E+00,-10.1130717E-03
+70.2000E-06,+10.0845526755E+00,-10.1130717E-03
+70.3000E-06,+10.0845526755E+00,-10.1130717E-03
+70.4000E-06,+10.1534686833E+00,-10.1130717E-03
+70.5000E-06,+10.1649546847E+00,-20.1633228E-03
+70.6000E-06,+10.1075246781E+00,-12.9845720E-03
+70.7000E-06,+10.1534686834E+00,-10.1130717E-03
+70.8000E-06,+10.1304966807E+00,-20.1633228E-03
+70.9000E-06,+10.0845526755E+00,-20.1633228E-03
+71.0000E-06,+10.0845526755E+00,-15.8560723E-03
+71.1000E-06,+10.1649546847E+00,-10.1130717E-03
+71.2000E-06,+10.1075246781E+00,-10.1130717E-03
+71.3000E-06,+10.0845526755E+00,-12.9845720E-03
+71.4000E-06,+10.0845526755E+00,-10.1130717E-03
+71.5000E-06,+10.0845526755E+00,-20.1633228E-03
+71.6000E-06,+10.1649546847E+00,-10.1130717E-03
+71.7000E-06,+10.1304966808E+00,-10.1130717E-03
+71.8000E-06,+10.1649546847E+00,-10.1130717E-03
+71.9000E-06,+10.1075246781E+00,-12.9845720E-03
+72.0000E-06,+10.1419826820E+00,-12.9845720E-03
+72.1000E-06,+10.0156366676E+00,-10.1130717E-03
+72.2000E-06,+10.1304966807E+00,-10.1130717E-03
+72.3000E-06,+10.0041506663E+00,-20.1633228E-03
+72.4000E-06,+10.2108986900E+00,-20.1633228E-03
+72.5000E-06,+10.0845526755E+00,-10.1130717E-03
+72.6000E-06,+10.0845526755E+00,-10.1130717E-03
+72.7000E-06,+10.0845526755E+00,-10.1130717E-03
+72.8000E-06,+10.0845526755E+00,-10.1130717E-03
+72.9000E-06,+10.1649546847E+00,-10.1130717E-03
+73.0000E-06,+10.1649546846E+00,-10.1130717E-03
+73.1000E-06,+10.1190106794E+00,-14.4203221E-03
+73.2000E-06,+10.0845526755E+00,-10.1130717E-03
+73.3000E-06,+10.0271226689E+00,-17.2918225E-03
+73.4000E-06,+10.0845526755E+00,-10.1130717E-03
+73.5000E-06,+10.0960386768E+00,-8.6773215E-03
+73.6000E-06,+10.0845526755E+00,-10.1130717E-03
+73.7000E-06,+10.1649546847E+00,-10.1130717E-03
+73.8000E-06,+10.0845526755E+00,-10.1130717E-03
+73.9000E-06,+10.0845526755E+00,-18.7275726E-03
+74.0000E-06,+10.1075246781E+00,-10.1130717E-03
+74.1000E-06,+10.1075246781E+00,-10.1130717E-03
+74.2000E-06,+10.0960386768E+00,-10.1130717E-03
+74.3000E-06,+10.1304966807E+00,-10.1130717E-03
+74.4000E-06,+10.0845526755E+00,-62.8205E-06
+74.5000E-06,+10.0845526755E+00,-15.8560723E-03
+74.6000E-06,+10.0845526755E+00,-11.5488218E-03
+74.7000E-06,+10.0845526755E+00,-17.2918225E-03
+74.8000E-06,+10.0845526755E+00,-12.9845720E-03
+74.9000E-06,+10.0845526755E+00,-62.8205E-06
+75.0000E-06,+10.1649546847E+00,-10.1130717E-03
+75.1000E-06,+10.0845526755E+00,-62.8205E-06
+75.2000E-06,+10.0500946716E+00,-5.8058212E-03
+75.3000E-06,+10.0730666741E+00,-10.1130717E-03
+75.4000E-06,+10.1649546847E+00,-7.2415713E-03
+75.5000E-06,+10.1419826820E+00,-2.9343208E-03
+75.6000E-06,+10.1649546847E+00,-10.1130717E-03
+75.7000E-06,+10.0845526755E+00,-4.3700710E-03
+75.8000E-06,+10.1649546847E+00,-10.1130717E-03
+75.9000E-06,+10.0845526755E+00,-10.1130717E-03
+76.0000E-06,+10.0730666741E+00,-1.4985707E-03
+76.1000E-06,+10.0041506663E+00,-2.9343208E-03
+76.2000E-06,+10.1075246781E+00,-62.8205E-06
+76.3000E-06,+10.1534686834E+00,-10.1130717E-03
+76.4000E-06,+10.0845526755E+00,-4.3700710E-03
+76.5000E-06,+10.0845526755E+00,-10.1130717E-03
+76.6000E-06,+10.1304966808E+00,-5.8058212E-03
+76.7000E-06,+10.0845526755E+00,-10.1130717E-03
+76.8000E-06,+10.1649546847E+00,-5.8058212E-03
+76.9000E-06,+10.0845526755E+00,-7.2415713E-03
+77.0000E-06,+10.0960386768E+00,-18.7275726E-03
+77.1000E-06,+10.0845526755E+00,-62.8205E-06
+77.2000E-06,+10.0845526755E+00,-10.1130717E-03
+77.3000E-06,+10.1304966808E+00,-5.8058212E-03
+77.4000E-06,+10.0845526755E+00,-8.6773215E-03
+77.5000E-06,+10.1649546847E+00,-12.9845720E-03
+77.6000E-06,+10.0845526755E+00,-10.1130717E-03
+77.7000E-06,+10.1534686834E+00,-62.8205E-06
+77.8000E-06,+10.1190106795E+00,-10.1130717E-03
+77.9000E-06,+10.1649546847E+00,-20.1633228E-03
+78.0000E-06,+10.0845526755E+00,-10.1130717E-03
+78.1000E-06,+10.0845526755E+00,-62.8205E-06
+78.2000E-06,+10.0845526755E+00,-10.1130717E-03
+78.3000E-06,+10.1075246781E+00,-10.1130717E-03
+78.4000E-06,+10.0845526755E+00,-8.6773215E-03
+78.5000E-06,+10.0845526755E+00,-14.4203221E-03
+78.6000E-06,+10.0845526755E+00,-10.1130717E-03
+78.7000E-06,+10.0845526755E+00,-10.1130717E-03
+78.8000E-06,+10.0845526755E+00,-10.1130717E-03
+78.9000E-06,+10.1649546847E+00,-10.1130717E-03
+79.0000E-06,+10.0845526755E+00,-62.8205E-06
+79.1000E-06,+10.1419826821E+00,-62.8205E-06
+79.2000E-06,+10.0845526755E+00,-62.8205E-06
+79.3000E-06,+10.1649546847E+00,-62.8205E-06
+79.4000E-06,+10.0845526755E+00,-62.8205E-06
+79.5000E-06,+10.1534686833E+00,-1.4985707E-03
+79.6000E-06,+10.1649546847E+00,-2.9343208E-03
+79.7000E-06,+10.1649546847E+00,-7.2415713E-03
+79.8000E-06,+10.1534686834E+00,-10.1130717E-03
+79.9000E-06,+10.1190106795E+00,-10.1130717E-03
+80.0000E-06,+10.0845526755E+00,-62.8205E-06
+80.1000E-06,+10.0845526755E+00,-10.1130717E-03
+80.2000E-06,+10.0845526755E+00,-10.1130717E-03
+80.3000E-06,+10.0845526755E+00,-10.1130717E-03
+80.4000E-06,+10.1419826820E+00,-2.9343208E-03
+80.5000E-06,+10.0845526755E+00,-10.1130717E-03
+80.6000E-06,+10.0041506663E+00,-10.1130717E-03
+80.7000E-06,+10.0845526755E+00,-10.1130717E-03
+80.8000E-06,+10.0845526755E+00,-62.8205E-06
+80.9000E-06,+10.0845526755E+00,-1.4985707E-03
+81.0000E-06,+10.0845526755E+00,-7.2415713E-03
+81.1000E-06,+10.1649546847E+00,-10.1130717E-03
+81.2000E-06,+10.0960386768E+00,-10.1130717E-03
+81.3000E-06,+10.0845526755E+00,-4.3700710E-03
+81.4000E-06,+10.0845526755E+00,-10.1130717E-03
+81.5000E-06,+10.0845526755E+00,-10.1130717E-03
+81.6000E-06,+10.0845526755E+00,-8.6773215E-03
+81.7000E-06,+10.0845526755E+00,-62.8205E-06
+81.8000E-06,+10.0271226690E+00,-10.1130717E-03
+81.9000E-06,+10.1649546847E+00,-8.6773215E-03
+82.0000E-06,+10.1649546847E+00,-15.8560723E-03
+82.1000E-06,+10.0845526755E+00,-10.1130717E-03
+82.2000E-06,+10.0845526755E+00,-62.8205E-06
+82.3000E-06,+10.0845526755E+00,-8.6773215E-03
+82.4000E-06,+10.1994126887E+00,-2.9343208E-03
+82.5000E-06,+10.0845526755E+00,-62.8205E-06
+82.6000E-06,+10.1534686834E+00,-62.8205E-06
+82.7000E-06,+10.0845526755E+00,-62.8205E-06
+82.8000E-06,+10.0845526755E+00,-62.8205E-06
+82.9000E-06,+10.1649546847E+00,-4.3700710E-03
+83.0000E-06,+10.0730666741E+00,-10.1130717E-03
+83.1000E-06,+10.0845526755E+00,-62.8205E-06
+83.2000E-06,+10.0845526755E+00,+2.8086798E-03
+83.3000E-06,+10.0845526755E+00,-1.4985707E-03
+83.4000E-06,+10.1190106795E+00,-10.1130717E-03
+83.5000E-06,+10.0845526755E+00,-10.1130717E-03
+83.6000E-06,+10.0845526755E+00,-10.1130717E-03
+83.7000E-06,+10.0845526755E+00,-62.8205E-06
+83.8000E-06,+10.1075246781E+00,-10.1130717E-03
+83.9000E-06,+10.1649546847E+00,-62.8205E-06
+84.0000E-06,+10.1649546847E+00,-1.4985707E-03
+84.1000E-06,+10.0845526755E+00,-15.8560723E-03
+84.2000E-06,+10.0845526755E+00,-62.8205E-06
+84.3000E-06,+10.1649546847E+00,-5.8058212E-03
+84.4000E-06,+10.1649546847E+00,-8.6773215E-03
+84.5000E-06,+10.0271226689E+00,-10.1130717E-03
+84.6000E-06,+10.0845526755E+00,-62.8205E-06
+84.7000E-06,+10.0845526755E+00,-62.8205E-06
+84.8000E-06,+10.0845526755E+00,-62.8205E-06
+84.9000E-06,+10.0845526755E+00,-62.8205E-06
+85.0000E-06,+10.1649546847E+00,-62.8205E-06
+85.1000E-06,+10.0845526755E+00,-10.1130717E-03
+85.2000E-06,+10.1075246781E+00,-10.1130717E-03
+85.3000E-06,+10.1419826820E+00,-62.8205E-06
+85.4000E-06,+10.0960386768E+00,-1.4985707E-03
+85.5000E-06,+10.1304966807E+00,-4.3700710E-03
+85.6000E-06,+10.0845526755E+00,-62.8205E-06
+85.7000E-06,+10.1190106794E+00,-5.8058212E-03
+85.8000E-06,+10.0845526755E+00,-8.6773215E-03
+85.9000E-06,+10.1419826821E+00,-7.2415713E-03
+86.0000E-06,+10.1419826820E+00,-7.2415713E-03
+86.1000E-06,+10.0960386768E+00,-10.1130717E-03
+86.2000E-06,+10.0960386767E+00,-10.1130717E-03
+86.3000E-06,+10.0845526755E+00,-10.1130716E-03
+86.4000E-06,+10.0845526755E+00,-62.8205E-06
+86.5000E-06,+10.0845526755E+00,-10.1130717E-03
+86.6000E-06,+10.1419826821E+00,-7.2415713E-03
+86.7000E-06,+10.0845526755E+00,-62.8205E-06
+86.8000E-06,+10.0845526755E+00,-62.8205E-06
+86.9000E-06,+10.1304966807E+00,-62.8205E-06
+87.0000E-06,+10.0845526755E+00,-62.8205E-06
+87.1000E-06,+10.0845526755E+00,-4.3700710E-03
+87.2000E-06,+10.1534686833E+00,-62.8205E-06
+87.3000E-06,+10.0845526755E+00,-7.2415713E-03
+87.4000E-06,+10.0845526755E+00,-62.8205E-06
+87.5000E-06,+10.1649546847E+00,-10.1130717E-03
+87.6000E-06,+10.1304966807E+00,-10.1130717E-03
+87.7000E-06,+10.0845526755E+00,-10.1130716E-03
+87.8000E-06,+10.0845526755E+00,-62.8205E-06
+87.9000E-06,+10.0845526755E+00,-1.4985707E-03
+88.0000E-06,+10.0845526755E+00,-10.1130717E-03
+88.1000E-06,+10.0845526755E+00,-62.8205E-06
+88.2000E-06,+10.0960386768E+00,-1.4985707E-03
+88.3000E-06,+10.0845526755E+00,-62.8205E-06
+88.4000E-06,+10.0845526755E+00,-10.1130716E-03
+88.5000E-06,+10.0845526755E+00,-14.4203221E-03
+88.6000E-06,+10.0960386768E+00,-62.8205E-06
+88.7000E-06,+10.1419826821E+00,-62.8205E-06
+88.8000E-06,+10.1649546847E+00,-62.8205E-06
+88.9000E-06,+10.1534686834E+00,-8.6773215E-03
+89.0000E-06,+10.0845526755E+00,-5.8058212E-03
+89.1000E-06,+10.0845526755E+00,-62.8205E-06
+89.2000E-06,+10.1649546847E+00,-5.8058212E-03
+89.3000E-06,+10.0845526755E+00,-10.1130717E-03
+89.4000E-06,+10.1419826821E+00,+7.1159303E-03
+89.5000E-06,+10.0845526755E+00,-62.8205E-06
+89.6000E-06,+10.0845526755E+00,-10.1130717E-03
+89.7000E-06,+10.0845526755E+00,-10.1130717E-03
+89.8000E-06,+10.1649546846E+00,-62.8205E-06
+89.9000E-06,+10.0845526755E+00,-62.8205E-06
+90.0000E-06,+10.1534686833E+00,-62.8205E-06
+90.1000E-06,+10.0845526755E+00,-62.8205E-06
+90.2000E-06,+10.1649546847E+00,-10.1130717E-03
+90.3000E-06,+10.0845526755E+00,-8.6773215E-03
+90.4000E-06,+10.0845526755E+00,-62.8205E-06
+90.5000E-06,+10.0845526755E+00,-62.8205E-06
+90.6000E-06,+10.1304966808E+00,-62.8205E-06
+90.7000E-06,+10.1649546847E+00,-62.8205E-06
+90.8000E-06,+10.0845526755E+00,-2.9343208E-03
+90.9000E-06,+10.1075246781E+00,-62.8205E-06
+91.0000E-06,+10.0845526755E+00,-62.8205E-06
+91.1000E-06,+10.1190106795E+00,-10.1130717E-03
+91.2000E-06,+10.0845526755E+00,-10.1130717E-03
+91.3000E-06,+10.1304966808E+00,-10.1130717E-03
+91.4000E-06,+10.0845526755E+00,-1.4985707E-03
+91.5000E-06,+10.0845526755E+00,+2.8086798E-03
+91.6000E-06,+10.0271226690E+00,-10.1130717E-03
+91.7000E-06,+10.0845526755E+00,+1.3729297E-03
+91.8000E-06,+10.1190106795E+00,-62.8205E-06
+91.9000E-06,+10.0041506664E+00,-62.8205E-06
+92.0000E-06,+10.0386086702E+00,-62.8205E-06
+92.1000E-06,+10.1649546847E+00,-10.1130717E-03
+92.2000E-06,+10.1075246781E+00,-62.8205E-06
+92.3000E-06,+10.1649546847E+00,-7.2415713E-03
+92.4000E-06,+10.1649546847E+00,-62.8205E-06
+92.5000E-06,+10.0845526755E+00,-4.3700710E-03
+92.6000E-06,+10.0845526755E+00,-62.8205E-06
+92.7000E-06,+10.1304966808E+00,-10.1130717E-03
+92.8000E-06,+10.0156366676E+00,-62.8205E-06
+92.9000E-06,+10.1075246781E+00,-62.8205E-06
+93.0000E-06,+10.0845526755E+00,-62.8205E-06
+93.1000E-06,+10.1534686834E+00,-10.1130717E-03
+93.2000E-06,+10.0845526755E+00,-10.1130717E-03
+93.3000E-06,+10.0845526755E+00,-62.8205E-06
+93.4000E-06,+10.0845526755E+00,-62.8205E-06
+93.5000E-06,+10.0845526755E+00,-62.8205E-06
+93.6000E-06,+10.0271226689E+00,-7.2415713E-03
+93.7000E-06,+10.0845526755E+00,-62.8205E-06
+93.8000E-06,+10.1534686834E+00,-62.8205E-06
+93.9000E-06,+10.1190106795E+00,-10.1130717E-03
+94.0000E-06,+10.0041506663E+00,-62.8205E-06
+94.1000E-06,+10.1304966808E+00,-10.1130717E-03
+94.2000E-06,+10.1649546847E+00,-62.8205E-06
+94.3000E-06,+10.1649546847E+00,+7.1159303E-03
+94.4000E-06,+10.1075246782E+00,-62.8205E-06
+94.5000E-06,+10.0845526755E+00,-7.2415713E-03
+94.6000E-06,+10.0845526755E+00,-62.8205E-06
+94.7000E-06,+10.0845526755E+00,-62.8205E-06
+94.8000E-06,+10.0845526755E+00,-62.8205E-06
+94.9000E-06,+10.1534686833E+00,+1.3729297E-03
+95.0000E-06,+10.0845526755E+00,-62.8205E-06
+95.1000E-06,+10.1075246782E+00,-2.9343208E-03
+95.2000E-06,+10.0845526755E+00,-1.4985707E-03
+95.3000E-06,+10.1190106795E+00,+5.6801801E-03
+95.4000E-06,+10.0845526755E+00,-62.8205E-06
+95.5000E-06,+10.0845526755E+00,-5.8058212E-03
+95.6000E-06,+10.0845526755E+00,-62.8205E-06
+95.7000E-06,+10.0845526755E+00,-62.8205E-06
+95.8000E-06,+10.0845526755E+00,+2.8086798E-03
+95.9000E-06,+10.1534686834E+00,-62.8205E-06
+96.0000E-06,+10.1190106795E+00,-62.8205E-06
+96.1000E-06,+10.0845526755E+00,-62.8205E-06
+96.2000E-06,+10.1649546847E+00,-62.8205E-06
+96.3000E-06,+10.1534686833E+00,-62.8205E-06
+96.4000E-06,+10.0845526755E+00,-62.8205E-06
+96.5000E-06,+10.0845526755E+00,-7.2415713E-03
+96.6000E-06,+10.0845526755E+00,-62.8205E-06
+96.7000E-06,+10.0845526755E+00,-62.8205E-06
+96.8000E-06,+10.0845526755E+00,-10.1130716E-03
+96.9000E-06,+10.0845526755E+00,-62.8205E-06
+97.0000E-06,+10.1534686833E+00,-62.8205E-06
+97.1000E-06,+10.1075246781E+00,-62.8205E-06
+97.2000E-06,+10.0845526755E+00,+9.9874306E-03
+97.3000E-06,+10.0960386768E+00,-8.6773215E-03
+97.4000E-06,+10.0041506663E+00,-62.8205E-06
+97.5000E-06,+10.0845526755E+00,-62.8205E-06
+97.6000E-06,+10.0845526755E+00,-4.3700710E-03
+97.7000E-06,+10.0960386768E+00,-62.8205E-06
+97.8000E-06,+10.0845526755E+00,-4.3700710E-03
+97.9000E-06,+10.1649546847E+00,-62.8205E-06
+98.0000E-06,+10.1534686834E+00,-1.4985707E-03
+98.1000E-06,+10.0845526755E+00,-4.3700710E-03
+98.2000E-06,+10.1649546846E+00,-62.8205E-06
+98.3000E-06,+10.0845526755E+00,-62.8205E-06
+98.4000E-06,+10.1534686833E+00,-62.8205E-06
+98.5000E-06,+10.0041506663E+00,-10.1130717E-03
+98.6000E-06,+10.1419826820E+00,-62.8205E-06
+98.7000E-06,+10.1649546847E+00,-62.8205E-06
+98.8000E-06,+10.1304966807E+00,-4.3700710E-03
+98.9000E-06,+10.1649546846E+00,-62.8205E-06
+99.0000E-06,+10.0845526755E+00,+4.2444300E-03
+99.1000E-06,+10.0845526755E+00,+1.3729297E-03
+99.2000E-06,+10.0845526755E+00,-2.9343208E-03
+99.3000E-06,+10.0845526755E+00,-7.2415713E-03
+99.4000E-06,+10.0845526755E+00,-8.6773215E-03
+99.5000E-06,+10.0845526755E+00,-5.8058212E-03
+99.6000E-06,+10.1649546846E+00,-62.8205E-06
+99.7000E-06,+10.0845526755E+00,-62.8205E-06
+99.8000E-06,+10.0845526755E+00,-62.8205E-06
+99.9000E-06,+10.0845526755E+00,-2.9343208E-03
+100.0000E-06,+10.1075246782E+00,-62.8205E-06
+100.1000E-06,+10.0960386768E+00,-62.8205E-06
+100.2000E-06,+10.1304966807E+00,-1.4985707E-03
+100.3000E-06,+10.0845526755E+00,-62.8205E-06
+100.4000E-06,+10.1190106794E+00,-62.8205E-06
+100.5000E-06,+10.1649546847E+00,-8.6773215E-03
+100.6000E-06,+10.0845526755E+00,-10.1130717E-03
+100.7000E-06,+10.1075246782E+00,-62.8205E-06
+100.8000E-06,+10.0845526755E+00,-62.8205E-06
+100.9000E-06,+10.1649546847E+00,-62.8205E-06
+101.0000E-06,+10.1649546847E+00,-62.8205E-06
+101.1000E-06,+10.1649546847E+00,-62.8205E-06
+101.2000E-06,+10.0845526755E+00,-1.4985707E-03
+101.3000E-06,+10.0845526755E+00,-62.8205E-06
+101.4000E-06,+10.0845526755E+00,+7.1159303E-03
+101.5000E-06,+10.0845526755E+00,-62.8205E-06
+101.6000E-06,+10.1304966807E+00,-10.1130717E-03
+101.7000E-06,+10.0845526755E+00,-62.8205E-06
+101.8000E-06,+10.0845526755E+00,+5.6801802E-03
+101.9000E-06,+10.0845526755E+00,-62.8205E-06
+102.0000E-06,+10.0271226689E+00,-62.8205E-06
+102.1000E-06,+10.1649546847E+00,-62.8205E-06
+102.2000E-06,+10.0845526755E+00,+9.9874306E-03
+102.3000E-06,+10.0845526755E+00,-62.8205E-06
+102.4000E-06,+10.1649546846E+00,-62.8205E-06
+102.5000E-06,+10.0845526755E+00,-5.8058212E-03
+102.6000E-06,+10.1649546847E+00,-10.1130717E-03
+102.7000E-06,+10.0845526755E+00,-2.9343208E-03
+102.8000E-06,+10.0845526755E+00,-62.8205E-06
+102.9000E-06,+10.0271226688E+00,-62.8205E-06
+103.0000E-06,+10.0845526755E+00,-10.1130717E-03
+103.1000E-06,+10.0845526755E+00,-62.8205E-06
+103.2000E-06,+10.1190106794E+00,-62.8205E-06
+103.3000E-06,+10.0845526755E+00,-62.8205E-06
+103.4000E-06,+10.0845526755E+00,-10.1130717E-03
+103.5000E-06,+10.1419826820E+00,+2.8086798E-03
+103.6000E-06,+10.0845526755E+00,-62.8205E-06
+103.7000E-06,+10.0500946715E+00,-5.8058212E-03
+103.8000E-06,+10.1649546846E+00,-62.8205E-06
+103.9000E-06,+10.1649546847E+00,+5.6801802E-03
+104.0000E-06,+10.0845526755E+00,+1.3729297E-03
+104.1000E-06,+10.1075246781E+00,+2.8086798E-03
+104.2000E-06,+10.0845526755E+00,+7.1159303E-03
+104.3000E-06,+10.0845526755E+00,-62.8205E-06
+104.4000E-06,+10.0845526755E+00,-62.8205E-06
+104.5000E-06,+10.0845526755E+00,-10.1130716E-03
+104.6000E-06,+10.1190106794E+00,-5.8058212E-03
+104.7000E-06,+10.0730666741E+00,-1.4985707E-03
+104.8000E-06,+10.1649546847E+00,-62.8205E-06
+104.9000E-06,+10.1649546847E+00,-2.9343208E-03
+105.0000E-06,+10.0845526755E+00,-62.8205E-06
+105.1000E-06,+10.1649546847E+00,-62.8205E-06
+105.2000E-06,+10.0845526755E+00,-62.8205E-06
+105.3000E-06,+10.0845526755E+00,-62.8205E-06
+105.4000E-06,+10.1649546847E+00,-8.6773215E-03
+105.5000E-06,+10.1075246781E+00,+7.1159303E-03
+105.6000E-06,+10.1075246782E+00,-7.2415713E-03
+105.7000E-06,+10.1649546847E+00,-62.8205E-06
+105.8000E-06,+10.0845526755E+00,-62.8205E-06
+105.9000E-06,+10.1649546847E+00,-62.8205E-06
+106.0000E-06,+10.1649546847E+00,+5.6801802E-03
+106.1000E-06,+10.1534686833E+00,-62.8205E-06
+106.2000E-06,+10.0271226689E+00,+7.1159303E-03
+106.3000E-06,+10.1649546847E+00,-62.8205E-06
+106.4000E-06,+10.0845526755E+00,-62.8205E-06
+106.5000E-06,+10.0845526755E+00,+4.2444300E-03
+106.6000E-06,+10.0845526755E+00,-62.8205E-06
+106.7000E-06,+10.0845526755E+00,-62.8205E-06
+106.8000E-06,+10.0845526755E+00,-62.8205E-06
+106.9000E-06,+10.1075246781E+00,-62.8205E-06
+107.0000E-06,+10.0845526755E+00,-62.8205E-06
+107.1000E-06,+10.0845526755E+00,-62.8205E-06
+107.2000E-06,+10.0845526755E+00,-62.8205E-06
+107.3000E-06,+10.0845526755E+00,-62.8205E-06
+107.4000E-06,+10.0845526755E+00,-62.8205E-06
+107.5000E-06,+10.1649546847E+00,-62.8205E-06
+107.6000E-06,+10.1075246781E+00,-62.8205E-06
+107.7000E-06,+10.0845526755E+00,+7.1159303E-03
+107.8000E-06,+10.1534686834E+00,-62.8205E-06
+107.9000E-06,+10.0386086703E+00,-62.8205E-06
+108.0000E-06,+10.0041506663E+00,-62.8205E-06
+108.1000E-06,+10.0845526755E+00,-62.8205E-06
+108.2000E-06,+10.0845526755E+00,-62.8205E-06
+108.3000E-06,+10.1075246781E+00,-62.8205E-06
+108.4000E-06,+10.1649546847E+00,-62.8205E-06
+108.5000E-06,+10.1649546847E+00,-62.8205E-06
+108.6000E-06,+10.0845526755E+00,+5.6801801E-03
+108.7000E-06,+10.1649546847E+00,-62.8205E-06
+108.8000E-06,+10.1649546847E+00,-62.8205E-06
+108.9000E-06,+10.0845526755E+00,-62.8205E-06
+109.0000E-06,+10.1419826821E+00,+2.8086798E-03
+109.1000E-06,+10.1649546847E+00,-62.8205E-06
+109.2000E-06,+10.1534686834E+00,-62.8205E-06
+109.3000E-06,+10.1649546847E+00,-5.8058212E-03
+109.4000E-06,+10.0845526755E+00,+9.9874306E-03
+109.5000E-06,+10.1190106794E+00,-62.8205E-06
+109.6000E-06,+10.1534686833E+00,-62.8205E-06
+109.7000E-06,+10.0845526755E+00,-62.8205E-06
+109.8000E-06,+10.1075246782E+00,-62.8205E-06
+109.9000E-06,+10.1534686834E+00,-62.8205E-06
+110.0000E-06,+10.0845526755E+00,-62.8205E-06
+110.1000E-06,+10.0845526755E+00,-62.8205E-06
+110.2000E-06,+10.0845526755E+00,-4.3700710E-03
+110.3000E-06,+10.0960386768E+00,-62.8205E-06
+110.4000E-06,+10.1075246781E+00,-62.8205E-06
+110.5000E-06,+10.1075246782E+00,-62.8205E-06
+110.6000E-06,+10.1649546847E+00,+9.9874306E-03
+110.7000E-06,+10.0386086703E+00,+9.9874306E-03
+110.8000E-06,+10.0845526755E+00,-62.8205E-06
+110.9000E-06,+10.0386086702E+00,-62.8205E-06
+111.0000E-06,+10.1534686833E+00,+1.3729297E-03
+111.1000E-06,+10.0845526755E+00,+7.1159303E-03
+111.2000E-06,+10.1075246782E+00,-62.8205E-06
+111.3000E-06,+10.0960386767E+00,-8.6773215E-03
+111.4000E-06,+10.0845526755E+00,+4.2444300E-03
+111.5000E-06,+10.0845526755E+00,-62.8205E-06
+111.6000E-06,+10.0845526755E+00,-62.8205E-06
+111.7000E-06,+10.0845526755E+00,-62.8205E-06
+111.8000E-06,+10.1419826821E+00,-62.8205E-06
+111.9000E-06,+10.0845526755E+00,-62.8205E-06
+112.0000E-06,+10.0960386767E+00,-62.8205E-06
+112.1000E-06,+10.0845526755E+00,+5.6801801E-03
+112.2000E-06,+10.0845526755E+00,-62.8205E-06
+112.3000E-06,+10.0845526755E+00,-62.8205E-06
+112.4000E-06,+10.0960386768E+00,-62.8205E-06
+112.5000E-06,+10.0845526755E+00,-7.2415713E-03
+112.6000E-06,+10.0845526755E+00,-10.1130717E-03
+112.7000E-06,+10.0156366676E+00,-62.8205E-06
+112.8000E-06,+10.0845526755E+00,-62.8205E-06
+112.9000E-06,+10.0845526755E+00,-10.1130716E-03
+113.0000E-06,+10.0845526755E+00,-62.8205E-06
+113.1000E-06,+10.0845526755E+00,-62.8205E-06
+113.2000E-06,+10.1419826821E+00,-62.8205E-06
+113.3000E-06,+10.0845526755E+00,-62.8205E-06
+113.4000E-06,+10.0960386767E+00,-62.8205E-06
+113.5000E-06,+10.0041506663E+00,-62.8205E-06
+113.6000E-06,+10.1649546846E+00,-62.8205E-06
+113.7000E-06,+10.1649546847E+00,-62.8205E-06
+113.8000E-06,+10.0845526755E+00,-62.8205E-06
+113.9000E-06,+10.0845526755E+00,-62.8205E-06
+114.0000E-06,+10.0845526755E+00,-62.8205E-06
+114.1000E-06,+10.0845526755E+00,-62.8205E-06
+114.2000E-06,+10.0845526755E+00,-62.8205E-06
+114.3000E-06,+10.0845526755E+00,-62.8205E-06
+114.4000E-06,+10.0845526755E+00,-5.8058212E-03
+114.5000E-06,+10.0845526755E+00,-62.8205E-06
+114.6000E-06,+10.0845526755E+00,-2.9343208E-03
+114.7000E-06,+10.0845526755E+00,-62.8205E-06
+114.8000E-06,+10.0960386767E+00,-8.6773215E-03
+114.9000E-06,+10.0845526755E+00,-62.8205E-06
+115.0000E-06,+10.0845526755E+00,-62.8205E-06
+115.1000E-06,+10.0845526755E+00,-5.8058212E-03
+115.2000E-06,+10.0730666741E+00,-62.8205E-06
+115.3000E-06,+10.0845526755E+00,-62.8205E-06
+115.4000E-06,+10.1075246782E+00,-62.8205E-06
+115.5000E-06,+10.0845526755E+00,+8.5516805E-03
+115.6000E-06,+10.1649546847E+00,+4.2444300E-03
+115.7000E-06,+10.0041506663E+00,-62.8205E-06
+115.8000E-06,+10.0845526755E+00,-62.8205E-06
+115.9000E-06,+10.1534686833E+00,-62.8205E-06
+116.0000E-06,+10.1649546847E+00,-62.8205E-06
+116.1000E-06,+10.1419826820E+00,-10.1130717E-03
+116.2000E-06,+10.0845526755E+00,-62.8205E-06
+116.3000E-06,+10.0845526755E+00,+9.9874306E-03
+116.4000E-06,+10.1649546847E+00,-62.8205E-06
+116.5000E-06,+10.0845526755E+00,-62.8205E-06
+116.6000E-06,+10.0960386769E+00,-62.8205E-06
+116.7000E-06,+10.1075246781E+00,+2.8086798E-03
+116.8000E-06,+10.0845526755E+00,-62.8205E-06
+116.9000E-06,+10.1649546847E+00,-8.6773215E-03
+117.0000E-06,+10.0845526755E+00,-62.8205E-06
+117.1000E-06,+10.0845526755E+00,+9.9874306E-03
+117.2000E-06,+10.0845526755E+00,+5.6801802E-03
+117.3000E-06,+10.0960386769E+00,-1.4985707E-03
+117.4000E-06,+10.1649546847E+00,-62.8205E-06
+117.5000E-06,+10.1649546847E+00,-62.8205E-06
+117.6000E-06,+10.0845526755E+00,-62.8205E-06
+117.7000E-06,+10.1190106795E+00,-62.8205E-06
+117.8000E-06,+10.0845526755E+00,+9.9874306E-03
+117.9000E-06,+10.1304966808E+00,-62.8205E-06
+118.0000E-06,+10.1534686833E+00,-62.8205E-06
+118.1000E-06,+10.1419826821E+00,+2.8086798E-03
+118.2000E-06,+10.1419826820E+00,-62.8205E-06
+118.3000E-06,+10.0845526755E+00,-62.8205E-06
+118.4000E-06,+10.1649546847E+00,-5.8058212E-03
+118.5000E-06,+10.1649546847E+00,-62.8205E-06
+118.6000E-06,+10.1190106794E+00,+5.6801802E-03
+118.7000E-06,+10.0730666741E+00,-62.8205E-06
+118.8000E-06,+10.0845526755E+00,-62.8205E-06
+118.9000E-06,+10.1649546847E+00,+9.9874306E-03
+119.0000E-06,+10.1534686834E+00,-62.8205E-06
+119.1000E-06,+10.0845526755E+00,-62.8205E-06
+119.2000E-06,+10.1649546846E+00,-62.8205E-06
+119.3000E-06,+10.0845526755E+00,-62.8205E-06
+119.4000E-06,+10.1534686833E+00,+1.3729297E-03
+119.5000E-06,+10.1075246781E+00,-2.9343208E-03
+119.6000E-06,+10.1075246782E+00,-62.8205E-06
+119.7000E-06,+10.0730666742E+00,-62.8205E-06
+119.8000E-06,+10.1190106795E+00,-62.8205E-06
+119.9000E-06,+10.0845526755E+00,-62.8205E-06
+120.0000E-06,+10.1304966808E+00,-62.8205E-06
+120.1000E-06,+10.1649546847E+00,-1.4985707E-03
+120.2000E-06,+10.0845526755E+00,+7.1159303E-03
+120.3000E-06,+10.1075246782E+00,-2.9343208E-03
+120.4000E-06,+10.1649546847E+00,-62.8205E-06
+120.5000E-06,+10.1190106795E+00,-5.8058212E-03
+120.6000E-06,+10.0845526755E+00,-62.8205E-06
+120.7000E-06,+10.1190106794E+00,-62.8205E-06
+120.8000E-06,+10.0730666741E+00,-62.8205E-06
+120.9000E-06,+10.0845526755E+00,-62.8205E-06
+121.0000E-06,+10.1075246782E+00,-62.8205E-06
+121.1000E-06,+10.0845526755E+00,-62.8205E-06
+121.2000E-06,+10.1304966807E+00,-62.8205E-06
+121.3000E-06,+10.1649546846E+00,+9.9874306E-03
+121.4000E-06,+10.0845526755E+00,-62.8205E-06
+121.5000E-06,+10.1534686833E+00,-62.8205E-06
+121.6000E-06,+10.1419826821E+00,-62.8205E-06
+121.7000E-06,+10.0845526755E+00,-62.8205E-06
+121.8000E-06,+10.0960386767E+00,-62.8205E-06
+121.9000E-06,+10.1304966807E+00,-62.8205E-06
+122.0000E-06,+10.1649546847E+00,+9.9874306E-03
+122.1000E-06,+10.1304966808E+00,-5.8058212E-03
+122.2000E-06,+10.0845526755E+00,-8.6773215E-03
+122.3000E-06,+10.0271226689E+00,-62.8205E-06
+122.4000E-06,+10.0271226690E+00,-62.8205E-06
+122.5000E-06,+10.1534686834E+00,-62.8205E-06
+122.6000E-06,+10.0845526755E+00,+5.6801801E-03
+122.7000E-06,+10.0845526755E+00,-62.8205E-06
+122.8000E-06,+10.1649546847E+00,-4.3700710E-03
+122.9000E-06,+10.0845526755E+00,-7.2415713E-03
+123.0000E-06,+10.0845526755E+00,-62.8205E-06
+123.1000E-06,+10.1649546847E+00,+9.9874306E-03
+123.2000E-06,+10.0845526755E+00,-62.8205E-06
+123.3000E-06,+10.1304966807E+00,+4.2444300E-03
+123.4000E-06,+10.0041506663E+00,-62.8205E-06
+123.5000E-06,+10.0845526755E+00,-62.8205E-06
+123.6000E-06,+10.0845526755E+00,+9.9874306E-03
+123.7000E-06,+10.0845526755E+00,+2.8086798E-03
+123.8000E-06,+10.0845526755E+00,-10.1130717E-03
+123.9000E-06,+10.0845526755E+00,-62.8205E-06
+124.0000E-06,+10.0845526755E+00,-5.8058212E-03
+124.1000E-06,+10.1649546846E+00,-62.8205E-06
+124.2000E-06,+10.0845526755E+00,-5.8058212E-03
+124.3000E-06,+10.0845526755E+00,-62.8205E-06
+124.4000E-06,+10.0845526755E+00,-62.8205E-06
+124.5000E-06,+10.1649546847E+00,+7.1159303E-03
+124.6000E-06,+10.1649546847E+00,-10.1130717E-03
+124.7000E-06,+10.0845526755E+00,-62.8205E-06
+124.8000E-06,+10.0845526755E+00,-10.1130716E-03
+124.9000E-06,+10.1649546847E+00,+4.2444300E-03
+125.0000E-06,+10.0156366677E+00,+1.3729297E-03
+125.1000E-06,+10.1649546847E+00,+7.1159303E-03
+125.2000E-06,+10.0845526755E+00,+2.8086798E-03
+125.3000E-06,+10.0845526755E+00,-1.4985707E-03
+125.4000E-06,+10.0845526755E+00,-5.8058212E-03
+125.5000E-06,+10.0845526755E+00,-62.8205E-06
+125.6000E-06,+10.1304966808E+00,-62.8205E-06
+125.7000E-06,+10.0845526755E+00,+8.5516805E-03
+125.8000E-06,+10.0041506663E+00,-7.2415713E-03
+125.9000E-06,+10.1419826820E+00,-62.8205E-06
+126.0000E-06,+10.0041506663E+00,-62.8205E-06
+126.1000E-06,+10.0845526755E+00,-62.8205E-06
+126.2000E-06,+10.2453566939E+00,-62.8205E-06
+126.3000E-06,+10.0845526755E+00,-62.8205E-06
+126.4000E-06,+10.0845526755E+00,-62.8205E-06
+126.5000E-06,+10.0845526755E+00,-62.8205E-06
+126.6000E-06,+10.0845526755E+00,+2.8086798E-03
+126.7000E-06,+10.1534686834E+00,+8.5516805E-03
+126.8000E-06,+10.0845526755E+00,-62.8205E-06
+126.9000E-06,+10.0845526755E+00,-10.1130716E-03
+127.0000E-06,+10.1304966808E+00,-62.8205E-06
+127.1000E-06,+10.0041506663E+00,+8.5516805E-03
+127.2000E-06,+10.0845526755E+00,+7.1159303E-03
+127.3000E-06,+10.1419826820E+00,-62.8205E-06
+127.4000E-06,+10.1649546847E+00,+8.5516805E-03
+127.5000E-06,+10.0845526755E+00,+9.9874306E-03
+127.6000E-06,+10.0845526754E+00,-62.8205E-06
+127.7000E-06,+10.1190106794E+00,+4.2444300E-03
+127.8000E-06,+10.1534686833E+00,+1.3729297E-03
+127.9000E-06,+10.1075246781E+00,-62.8205E-06
+128.0000E-06,+10.0271226690E+00,+7.1159303E-03
+128.1000E-06,+10.0960386767E+00,-8.6773215E-03
+128.2000E-06,+10.1190106795E+00,+4.2444300E-03
+128.3000E-06,+10.1649546846E+00,-62.8205E-06
+128.4000E-06,+10.0845526755E+00,-62.8205E-06
+128.5000E-06,+10.0960386769E+00,+1.3729297E-03
+128.6000E-06,+10.0845526755E+00,-10.1130717E-03
+128.7000E-06,+10.1419826820E+00,-62.8205E-06
+128.8000E-06,+10.0960386767E+00,-62.8205E-06
+128.9000E-06,+10.0845526755E+00,-62.8205E-06
+129.0000E-06,+10.0845526754E+00,-62.8205E-06
+129.1000E-06,+10.1304966808E+00,+8.5516805E-03
+129.2000E-06,+10.0845526755E+00,-1.4985707E-03
+129.3000E-06,+10.0845526755E+00,-62.8205E-06
+129.4000E-06,+10.1419826820E+00,-62.8205E-06
+129.5000E-06,+10.0156366675E+00,-62.8205E-06
+129.6000E-06,+10.0845526755E+00,-62.8205E-06
+129.7000E-06,+10.1649546846E+00,-62.8205E-06
+129.8000E-06,+10.0845526755E+00,-62.8205E-06
+129.9000E-06,+10.0845526755E+00,-62.8205E-06
+130.0000E-06,+10.1075246781E+00,+4.2444300E-03
+130.1000E-06,+10.1075246782E+00,-62.8205E-06
+130.2000E-06,+10.0845526755E+00,-62.8205E-06
+130.3000E-06,+10.0845526755E+00,+5.6801801E-03
+130.4000E-06,+10.0845526755E+00,-62.8205E-06
+130.5000E-06,+10.0845526755E+00,-62.8205E-06
+130.6000E-06,+10.0845526755E+00,+8.5516805E-03
+130.7000E-06,+10.1419826821E+00,-62.8205E-06
+130.8000E-06,+10.1649546847E+00,-62.8205E-06
+130.9000E-06,+10.0845526755E+00,-8.6773215E-03
+131.0000E-06,+10.0845526755E+00,-5.8058212E-03
+131.1000E-06,+10.0845526755E+00,-62.8205E-06
+131.2000E-06,+10.1190106794E+00,+5.6801802E-03
+131.3000E-06,+10.0271226690E+00,-62.8205E-06
+131.4000E-06,+10.0845526755E+00,+9.9874306E-03
+131.5000E-06,+10.0845526755E+00,-10.1130717E-03
+131.6000E-06,+10.1534686834E+00,+9.9874306E-03
+131.7000E-06,+10.0041506663E+00,-62.8205E-06
+131.8000E-06,+10.0845526755E+00,-62.8205E-06
+131.9000E-06,+10.0845526755E+00,-62.8205E-06
+132.0000E-06,+10.0156366677E+00,+9.9874306E-03
+132.1000E-06,+10.0845526755E+00,+9.9874306E-03
+132.2000E-06,+10.1649546847E+00,+7.1159303E-03
+132.3000E-06,+10.1534686834E+00,-62.8205E-06
+132.4000E-06,+10.1190106795E+00,-62.8205E-06
+132.5000E-06,+10.0845526755E+00,-62.8205E-06
+132.6000E-06,+10.0845526755E+00,-62.8205E-06
+132.7000E-06,+10.0845526755E+00,+9.9874306E-03
+132.8000E-06,+10.0845526755E+00,-62.8205E-06
+132.9000E-06,+10.0615806728E+00,+7.1159303E-03
+133.0000E-06,+10.0845526755E+00,-8.6773215E-03
+133.1000E-06,+10.0845526755E+00,-62.8205E-06
+133.2000E-06,+10.0845526755E+00,-62.8205E-06
+133.3000E-06,+10.1190106794E+00,-62.8205E-06
+133.4000E-06,+10.1649546847E+00,-62.8205E-06
+133.5000E-06,+10.0845526755E+00,+2.8086798E-03
+133.6000E-06,+10.0845526755E+00,-62.8205E-06
+133.7000E-06,+10.0845526755E+00,-62.8205E-06
+133.8000E-06,+10.1190106795E+00,-62.8205E-06
+133.9000E-06,+10.1649546846E+00,+9.9874306E-03
+134.0000E-06,+10.1304966808E+00,-62.8205E-06
+134.1000E-06,+10.1534686833E+00,-62.8205E-06
+134.2000E-06,+10.1649546847E+00,-62.8205E-06
+134.3000E-06,+10.0845526755E+00,-62.8205E-06
+134.4000E-06,+10.0845526755E+00,-1.4985707E-03
+134.5000E-06,+10.0845526755E+00,+4.2444300E-03
+134.6000E-06,+10.0845526755E+00,-62.8205E-06
+134.7000E-06,+10.0845526755E+00,+5.6801802E-03
+134.8000E-06,+10.0845526755E+00,-62.8205E-06
+134.9000E-06,+10.1649546847E+00,-62.8205E-06
+135.0000E-06,+10.1075246782E+00,-62.8205E-06
+135.1000E-06,+10.1534686834E+00,-62.8205E-06
+135.2000E-06,+10.1190106795E+00,-1.4985706E-03
+135.3000E-06,+10.1649546846E+00,-62.8205E-06
+135.4000E-06,+10.1190106794E+00,-62.8205E-06
+135.5000E-06,+10.0845526755E+00,-62.8205E-06
+135.6000E-06,+10.1764406862E+00,-62.8205E-06
+135.7000E-06,+10.0845526755E+00,-7.2415713E-03
+135.8000E-06,+10.0845526755E+00,-62.8205E-06
+135.9000E-06,+10.0845526755E+00,-62.8205E-06
+136.0000E-06,+10.0845526755E+00,-62.8205E-06
+136.1000E-06,+10.0845526755E+00,+5.6801802E-03
+136.2000E-06,+10.0845526755E+00,-62.8205E-06
+136.3000E-06,+10.0845526755E+00,+7.1159303E-03
+136.4000E-06,+10.1649546847E+00,-62.8205E-06
+136.5000E-06,+10.1534686834E+00,-8.6773215E-03
+136.6000E-06,+10.0845526755E+00,-62.8205E-06
+136.7000E-06,+10.1649546847E+00,-62.8205E-06
+136.8000E-06,+10.1190106794E+00,-62.8205E-06
+136.9000E-06,+10.0845526755E+00,-62.8205E-06
+137.0000E-06,+10.1075246780E+00,-62.8205E-06
+137.1000E-06,+10.1419826820E+00,-62.8205E-06
+137.2000E-06,+10.0845526755E+00,-62.8205E-06
+137.3000E-06,+10.0845526755E+00,-5.8058211E-03
+137.4000E-06,+10.2453566938E+00,-62.8205E-06
+137.5000E-06,+10.0845526755E+00,-62.8205E-06
+137.6000E-06,+10.0845526755E+00,-62.8205E-06
+137.7000E-06,+10.1649546847E+00,-62.8205E-06
+137.8000E-06,+10.0845526755E+00,-62.8205E-06
+137.9000E-06,+10.1649546847E+00,-62.8205E-06
+138.0000E-06,+10.0845526755E+00,+4.2444300E-03
+138.1000E-06,+10.1649546846E+00,-62.8205E-06
+138.2000E-06,+10.0845526755E+00,-62.8205E-06
+138.3000E-06,+10.0960386769E+00,-1.4985707E-03
+138.4000E-06,+10.1649546847E+00,-62.8205E-06
+138.5000E-06,+10.1075246782E+00,-62.8205E-06
+138.6000E-06,+10.0845526755E+00,-62.8205E-06
+138.7000E-06,+10.1304966807E+00,-1.4985706E-03
+138.8000E-06,+10.1649546847E+00,-10.1130716E-03
+138.9000E-06,+10.0845526755E+00,-62.8205E-06
+139.0000E-06,+10.0845526755E+00,-8.6773215E-03
+139.1000E-06,+10.0845526755E+00,-62.8205E-06
+139.2000E-06,+10.0845526755E+00,-2.9343208E-03
+139.3000E-06,+10.0845526755E+00,-62.8205E-06
+139.4000E-06,+10.0845526755E+00,-62.8205E-06
+139.5000E-06,+10.0845526755E+00,-62.8205E-06
+139.6000E-06,+10.1994126885E+00,-62.8205E-06
+139.7000E-06,+10.0845526755E+00,+9.9874306E-03
+139.8000E-06,+10.0845526755E+00,-62.8205E-06
+139.9000E-06,+10.0845526755E+00,+7.1159303E-03
+140.0000E-06,+10.1649546847E+00,-8.6773215E-03
+140.1000E-06,+10.1649546847E+00,-62.8205E-06
+140.2000E-06,+10.0845526755E+00,+9.9874306E-03
+140.3000E-06,+10.0845526755E+00,-62.8205E-06
+140.4000E-06,+10.0845526755E+00,-62.8205E-06
+140.5000E-06,+10.1190106796E+00,-62.8205E-06
+140.6000E-06,+10.0845526755E+00,-62.8205E-06
+140.7000E-06,+10.1649546847E+00,-62.8205E-06
+140.8000E-06,+10.1304966807E+00,-62.8205E-06
+140.9000E-06,+10.1649546847E+00,-62.8205E-06
+141.0000E-06,+10.0845526755E+00,-62.8205E-06
+141.1000E-06,+10.1649546847E+00,-62.8205E-06
+141.2000E-06,+10.1419826821E+00,-62.8205E-06
+141.3000E-06,+10.0271226690E+00,-62.8205E-06
+141.4000E-06,+10.0960386767E+00,-62.8205E-06
+141.5000E-06,+10.1304966807E+00,+9.9874306E-03
+141.6000E-06,+10.1649546847E+00,-62.8205E-06
+141.7000E-06,+10.1304966808E+00,-62.8205E-06
+141.8000E-06,+10.0960386769E+00,-62.8205E-06
+141.9000E-06,+10.1419826821E+00,-62.8205E-06
+142.0000E-06,+10.1419826820E+00,+9.9874306E-03
+142.1000E-06,+10.0041506663E+00,-62.8205E-06
+142.2000E-06,+10.1190106795E+00,-62.8205E-06
+142.3000E-06,+10.0845526755E+00,-62.8205E-06
+142.4000E-06,+10.0845526755E+00,-4.3700710E-03
+142.5000E-06,+10.0845526755E+00,+8.5516805E-03
+142.6000E-06,+10.1649546847E+00,-62.8205E-06
+142.7000E-06,+10.0271226690E+00,+7.1159303E-03
+142.8000E-06,+10.0960386767E+00,+1.3729297E-03
+142.9000E-06,+10.0845526755E+00,-62.8205E-06
+143.0000E-06,+10.0845526755E+00,-62.8205E-06
+143.1000E-06,+10.0845526755E+00,-62.8205E-06
+143.2000E-06,+10.0845526755E+00,-62.8205E-06
+143.3000E-06,+10.1419826821E+00,-7.2415713E-03
+143.4000E-06,+10.0845526755E+00,-62.8205E-06
+143.5000E-06,+10.0960386767E+00,+8.5516805E-03
+143.6000E-06,+10.1190106795E+00,-62.8205E-06
+143.7000E-06,+10.0845526756E+00,-62.8205E-06
+143.8000E-06,+10.1304966808E+00,-62.8205E-06
+143.9000E-06,+10.1534686833E+00,+9.9874306E-03
+144.0000E-06,+10.1419826821E+00,-62.8205E-06
+144.1000E-06,+10.0845526755E+00,-7.2415713E-03
+144.2000E-06,+10.0845526755E+00,-62.8205E-06
+144.3000E-06,+10.0845526755E+00,+5.6801801E-03
+144.4000E-06,+10.0845526755E+00,-62.8205E-06
+144.5000E-06,+10.0500946716E+00,-62.8205E-06
+144.6000E-06,+10.0845526755E+00,-62.8205E-06
+144.7000E-06,+10.0845526755E+00,+7.1159303E-03
+144.8000E-06,+10.1419826820E+00,+2.8086798E-03
+144.9000E-06,+10.0845526755E+00,-8.6773215E-03
+145.0000E-06,+10.0845526755E+00,-4.3700710E-03
+145.1000E-06,+10.0845526755E+00,+9.9874306E-03
+145.2000E-06,+10.1649546847E+00,-4.3700710E-03
+145.3000E-06,+10.0960386769E+00,-62.8205E-06
+145.4000E-06,+10.0271226689E+00,-62.8205E-06
+145.5000E-06,+10.0845526755E+00,+9.9874306E-03
+145.6000E-06,+10.0845526755E+00,-62.8205E-06
+145.7000E-06,+10.0845526755E+00,-5.8058211E-03
+145.8000E-06,+10.0845526756E+00,-62.8205E-06
+145.9000E-06,+10.0845526755E+00,-62.8205E-06
+146.0000E-06,+10.0960386769E+00,+8.5516805E-03
+146.1000E-06,+10.1075246780E+00,-62.8205E-06
+146.2000E-06,+10.0845526755E+00,-62.8205E-06
+146.3000E-06,+10.0845526755E+00,-62.8205E-06
+146.4000E-06,+10.0845526755E+00,-62.8205E-06
+146.5000E-06,+10.1649546847E+00,-62.8205E-06
+146.6000E-06,+10.0500946716E+00,-5.8058212E-03
+146.7000E-06,+10.0845526755E+00,-62.8205E-06
+146.8000E-06,+10.0615806729E+00,-62.8205E-06
+146.9000E-06,+10.0845526755E+00,-7.2415713E-03
+147.0000E-06,+10.1649546847E+00,-62.8205E-06
+147.1000E-06,+10.0845526755E+00,+5.6801801E-03
+147.2000E-06,+10.0845526755E+00,-10.1130717E-03
+147.3000E-06,+10.1649546847E+00,-5.8058212E-03
+147.4000E-06,+10.0960386769E+00,-8.6773215E-03
+147.5000E-06,+10.0845526755E+00,-62.8205E-06
+147.6000E-06,+10.0845526755E+00,-62.8205E-06
+147.7000E-06,+10.0845526755E+00,-62.8205E-06
+147.8000E-06,+10.0845526755E+00,+1.3729296E-03
+147.9000E-06,+10.0845526755E+00,+9.9874306E-03
+148.0000E-06,+10.0386086702E+00,-62.8205E-06
+148.1000E-06,+10.1649546847E+00,+8.5516805E-03
+148.2000E-06,+10.1075246780E+00,+2.8086798E-03
+148.3000E-06,+10.0845526755E+00,-2.9343208E-03
+148.4000E-06,+10.0845526755E+00,-62.8205E-06
+148.5000E-06,+10.0845526755E+00,-62.8205E-06
+148.6000E-06,+10.0845526756E+00,+9.9874306E-03
+148.7000E-06,+10.0845526755E+00,+5.6801802E-03
+148.8000E-06,+10.0845526755E+00,-62.8205E-06
+148.9000E-06,+10.1075246780E+00,+7.1159303E-03
+149.0000E-06,+10.0271226690E+00,-62.8205E-06
+149.1000E-06,+10.1649546847E+00,-62.8205E-06
+149.2000E-06,+10.0500946715E+00,+9.9874306E-03
+149.3000E-06,+10.0845526754E+00,-62.8205E-06
+149.4000E-06,+10.0845526755E+00,+5.6801802E-03
+149.5000E-06,+10.0960386769E+00,+8.5516805E-03
+149.6000E-06,+10.0845526755E+00,-62.8205E-06
+149.7000E-06,+10.0845526755E+00,-2.9343208E-03
+149.8000E-06,+10.0960386767E+00,-8.6773215E-03
+149.9000E-06,+10.1649546847E+00,-62.8205E-06
+150.0000E-06,+10.1649546846E+00,-62.8205E-06
+150.1000E-06,+10.0845526755E+00,-62.8205E-06
+150.2000E-06,+10.0960386769E+00,-62.8205E-06
+150.3000E-06,+10.0845526755E+00,-62.8205E-06
+150.4000E-06,+10.0845526755E+00,-62.8205E-06
+150.5000E-06,+10.0845526755E+00,-62.8205E-06
+150.6000E-06,+10.1304966807E+00,-62.8205E-06
+150.7000E-06,+10.0845526756E+00,-62.8205E-06
+150.8000E-06,+10.1649546847E+00,+5.6801802E-03
+150.9000E-06,+10.1534686833E+00,+1.3729297E-03
+151.0000E-06,+10.1075246780E+00,-62.8205E-06
+151.1000E-06,+10.0845526755E+00,-62.8205E-06
+151.2000E-06,+10.0960386767E+00,+8.5516805E-03
+151.3000E-06,+10.1190106795E+00,-62.8205E-06
+151.4000E-06,+10.1649546846E+00,-62.8205E-06
+151.5000E-06,+10.0845526755E+00,+4.2444300E-03
+151.6000E-06,+10.0845526755E+00,-62.8205E-06
+151.7000E-06,+10.1419826821E+00,-7.2415713E-03
+151.8000E-06,+10.1419826820E+00,-62.8205E-06
+151.9000E-06,+10.1649546847E+00,-62.8205E-06
+152.0000E-06,+10.1304966807E+00,-62.8205E-06
+152.1000E-06,+10.0041506664E+00,-62.8205E-06
+152.2000E-06,+10.0845526755E+00,-62.8205E-06
+152.3000E-06,+10.0960386769E+00,+8.5516805E-03
+152.4000E-06,+10.1075246780E+00,-7.2415713E-03
+152.5000E-06,+10.1075246782E+00,-62.8205E-06
+152.6000E-06,+10.0845526755E+00,-62.8205E-06
+152.7000E-06,+10.0845526755E+00,-4.3700710E-03
+152.8000E-06,+10.1649546847E+00,-62.8205E-06
+152.9000E-06,+10.0845526755E+00,+15.7304313E-03
